review_item_id,document_id,source_format,page_no,candidate_source,candidate_id,rows,cols,preview_text,suggested_class,heuristic_reason,keep_for_dashboard,merge_group_hint,canonical_table_id,review_status,reviewer_notes,treat_as_char,text_wrap
TRV-DOC-POL-007-JS-001,DOC-POL-007,hwpx,section0,pymupdf_find_tables,TBL-DOC-POL-007-001,1,1,,layout_false_positive,empty_table_box,no,,,reviewed,1차 heuristic seed. 레이아웃 박스/표 도구 기반 제목 요소로 판단해 제외.,0,IN_FRONT_OF_TEXT
TRV-DOC-POL-007-JS-002,DOC-POL-007,hwpx,section0,pymupdf_find_tables,TBL-DOC-POL-007-002,2,4,"의안번호 | 제 4 호 | 의결
사항",layout_false_positive,front_matter_table,no,,,reviewed,1차 heuristic seed. 레이아웃 박스/표 도구 기반 제목 요소로 판단해 제외.,1,TOP_AND_BOTTOM
TRV-DOC-POL-007-JS-003,DOC-POL-007,hwpx,section0,pymupdf_find_tables,TBL-DOC-POL-007-003,1,1,AI반도체 산업 도약 전략(안),layout_false_positive,single_cell_layout_box,no,,,reviewed,1차 heuristic seed. 레이아웃 박스/표 도구 기반 제목 요소로 판단해 제외.,1,TOP_AND_BOTTOM
TRV-DOC-POL-007-JS-004,DOC-POL-007,hwpx,section0,pymupdf_find_tables,TBL-DOC-POL-007-004,1,1,과학기술관계장관회의,layout_false_positive,front_matter_table,no,,,reviewed,1차 heuristic seed. 레이아웃 박스/표 도구 기반 제목 요소로 판단해 제외.,1,TOP_AND_BOTTOM
TRV-DOC-POL-007-JS-005,DOC-POL-007,hwpx,section0,pymupdf_find_tables,TBL-DOC-POL-007-005,2,5,제 출 자 | 과학기술정보통신부장관 | 배경훈 | 산업통상부장관,layout_false_positive,front_matter_table,no,,,reviewed,1차 heuristic seed. 레이아웃 박스/표 도구 기반 제목 요소로 판단해 제외.,1,TOP_AND_BOTTOM
TRV-DOC-POL-007-JS-006,DOC-POL-007,hwpx,section2,pymupdf_find_tables,TBL-DOC-POL-007-006,1,1,AI반도체 산업 도약 전략(안) (요약),layout_false_positive,single_cell_layout_box,no,,,reviewed,1차 heuristic seed. 레이아웃 박스/표 도구 기반 제목 요소로 판단해 제외.,1,TOP_AND_BOTTOM
TRV-DOC-POL-007-JS-007,DOC-POL-007,hwpx,section2,pymupdf_find_tables,TBL-DOC-POL-007-007,3,3,<비전 및 목표>,layout_false_positive,heading_box,no,,,reviewed,1차 heuristic seed. 레이아웃 박스/표 도구 기반 제목 요소로 판단해 제외.,1,TOP_AND_BOTTOM
TRV-DOC-POL-007-JS-008,DOC-POL-007,hwpx,section2,pymupdf_find_tables,TBL-DOC-POL-007-008,1,3,1 | (기술혁신) 국산 AI반도체 상용화 및 미래도전 기술 확보,layout_false_positive,single_row_layout_box,no,,,reviewed,1차 heuristic seed. 레이아웃 박스/표 도구 기반 제목 요소로 판단해 제외.,1,TOP_AND_BOTTOM
TRV-DOC-POL-007-JS-009,DOC-POL-007,hwpx,section2,pymupdf_find_tables,TBL-DOC-POL-007-009,22,19,구분 | `25년 | `26년 | `27년,structured_table,hwpx_matrix_table,yes,,CTBL-DOC-POL-007-001,reviewed,1차 heuristic seed. 구조표 후보로 유지.,1,TOP_AND_BOTTOM
TRV-DOC-POL-007-JS-010,DOC-POL-007,hwpx,section2,pymupdf_find_tables,TBL-DOC-POL-007-010,1,3,2 | (수요창출) 국가 AI 대전환과 연계한 대규모 수요‧시장 창출,layout_false_positive,single_row_layout_box,no,,,reviewed,1차 heuristic seed. 레이아웃 박스/표 도구 기반 제목 요소로 판단해 제외.,1,TOP_AND_BOTTOM
TRV-DOC-POL-007-JS-011,DOC-POL-007,hwpx,section2,pymupdf_find_tables,TBL-DOC-POL-007-011,1,3,3 | (기반 강화) 대규모 투자·인재 육성으로 성장동력 확보,layout_false_positive,single_row_layout_box,no,,,reviewed,1차 heuristic seed. 레이아웃 박스/표 도구 기반 제목 요소로 판단해 제외.,1,TOP_AND_BOTTOM
TRV-DOC-POL-007-JS-012,DOC-POL-007,hwpx,section2,pymupdf_find_tables,TBL-DOC-POL-007-012,3,3,"국민성장펀드 기반
대규모 투·융자 지원 | + | AI혁신펀드·KIF·우본 등
정책 펀드 투자",review_required,hwpx_needs_manual_review,no,,,reviewed,투자지원 카드형 박스. 표보다 도식/설명 박스에 가까워 제외.,1,TOP_AND_BOTTOM
TRV-DOC-POL-007-JS-013,DOC-POL-007,hwpx,section4,pymupdf_find_tables,TBL-DOC-POL-007-013,7,1,AI반도체 산업 도약 전략(안),review_required,single_column_info_box,no,,,reviewed,표가 아니라 표지/메타데이터 박스 조각으로 판단.,0,TOP_AND_BOTTOM
TRV-DOC-POL-007-JS-014,DOC-POL-007,hwpx,section8,pymupdf_find_tables,TBL-DOC-POL-007-014,1,1,Ⅰ. 추진 배경,layout_false_positive,single_cell_layout_box,no,,,reviewed,1차 heuristic seed. 레이아웃 박스/표 도구 기반 제목 요소로 판단해 제외.,1,TOP_AND_BOTTOM
TRV-DOC-POL-007-JS-015,DOC-POL-007,hwpx,section8,pymupdf_find_tables,TBL-DOC-POL-007-015,1,1,"◇ AX 시대, AI 반도체는 AI 혁신과 확산을 뒷받침하는 필수 인프라",layout_false_positive,single_cell_layout_box,no,,,reviewed,1차 heuristic seed. 레이아웃 박스/표 도구 기반 제목 요소로 판단해 제외.,1,TOP_AND_BOTTOM
TRV-DOC-POL-007-JS-016,DOC-POL-007,hwpx,section8,pymupdf_find_tables,TBL-DOC-POL-007-016,1,1,◇ 글로벌 AI 시장 부가가치 창출 경쟁에서 AI반도체는 최대 격전지,layout_false_positive,single_cell_layout_box,no,,,reviewed,1차 heuristic seed. 레이아웃 박스/표 도구 기반 제목 요소로 판단해 제외.,1,TOP_AND_BOTTOM
TRV-DOC-POL-007-JS-017,DOC-POL-007,hwpx,section8,pymupdf_find_tables,TBL-DOC-POL-007-017,1,2,"○ 특히, 클라우드·온디바이스AI 등 AI 서비스 본격화로, AI 모델 학습을 넘어 서비스를 위한 추론용 AI반도체가 시장 확대를 견인할 전망",layout_false_positive,single_row_layout_box,no,,,reviewed,1차 heuristic seed. 레이아웃 박스/표 도구 기반 제목 요소로 판단해 제외.,1,TOP_AND_BOTTOM
TRV-DOC-POL-007-JS-018,DOC-POL-007,hwpx,section8,pymupdf_find_tables,TBL-DOC-POL-007-018,1,1,"◇ GPU는 지속 가능성에 한계, 저전력 NPU 등 새로운 시장기회 존재",layout_false_positive,single_cell_layout_box,no,,,reviewed,1차 heuristic seed. 레이아웃 박스/표 도구 기반 제목 요소로 판단해 제외.,1,TOP_AND_BOTTOM
TRV-DOC-POL-007-JS-019,DOC-POL-007,hwpx,section8,pymupdf_find_tables,TBL-DOC-POL-007-019,1,2,"○ 그러나, AI 학습에 필수적인 GPU는 막대한 전력소비량·운영비용* 등으로 폭발적인 AI 서비스 수요 대응 한계",layout_false_positive,single_row_layout_box,no,,,reviewed,1차 heuristic seed. 레이아웃 박스/표 도구 기반 제목 요소로 판단해 제외.,1,TOP_AND_BOTTOM
TRV-DOC-POL-007-JS-020,DOC-POL-007,hwpx,section8,pymupdf_find_tables,TBL-DOC-POL-007-020,1,1,◇ 우리도 K-엔비디아 육성 등 AI반도체 도약에 승부수 던질 결정적 시점,layout_false_positive,single_cell_layout_box,no,,,reviewed,1차 heuristic seed. 레이아웃 박스/표 도구 기반 제목 요소로 판단해 제외.,1,TOP_AND_BOTTOM
TRV-DOC-POL-007-JS-021,DOC-POL-007,hwpx,section8,pymupdf_find_tables,TBL-DOC-POL-007-021,1,2,"- 특히, AI 추론시장 성장에 발맞춰 국산 NPU를 단기에 집중 육성하고, 피지컬 AI 등 미래시장을 선도할 산업 역량도 단계적으로 확보할 필요",layout_false_positive,single_row_layout_box,no,,,reviewed,1차 heuristic seed. 레이아웃 박스/표 도구 기반 제목 요소로 판단해 제외.,1,TOP_AND_BOTTOM
TRV-DOC-POL-007-JS-022,DOC-POL-007,hwpx,section8,pymupdf_find_tables,TBL-DOC-POL-007-022,1,1,"☞ 초기단계인 우리 AI반도체가 독자 AI 모델 발전과 궤를 같이하도록 빠르게 상용화‧산업화를 달성하고, 나아가 글로벌 수준으로 역량을 강화",layout_false_positive,single_cell_layout_box,no,,,reviewed,1차 heuristic seed. 레이아웃 박스/표 도구 기반 제목 요소로 판단해 제외.,1,TOP_AND_BOTTOM
TRV-DOC-POL-007-JS-023,DOC-POL-007,hwpx,section8,pymupdf_find_tables,TBL-DOC-POL-007-023,1,1,Ⅱ. 글로벌 동향,layout_false_positive,single_cell_layout_box,no,,,reviewed,1차 heuristic seed. 레이아웃 박스/표 도구 기반 제목 요소로 판단해 제외.,1,TOP_AND_BOTTOM
TRV-DOC-POL-007-JS-024,DOC-POL-007,hwpx,section8,pymupdf_find_tables,TBL-DOC-POL-007-024,1,3,1 | 글로벌 기업 동향,layout_false_positive,single_row_layout_box,no,,,reviewed,1차 heuristic seed. 레이아웃 박스/표 도구 기반 제목 요소로 판단해 제외.,1,TOP_AND_BOTTOM
TRV-DOC-POL-007-JS-025,DOC-POL-007,hwpx,section8,pymupdf_find_tables,TBL-DOC-POL-007-025,1,1,"◇ 엔비디아, 월등한 기술력과 생태계 지배력으로 막강한 영향력 지속",layout_false_positive,single_cell_layout_box,no,,,reviewed,1차 heuristic seed. 레이아웃 박스/표 도구 기반 제목 요소로 판단해 제외.,1,TOP_AND_BOTTOM
TRV-DOC-POL-007-JS-026,DOC-POL-007,hwpx,section8,pymupdf_find_tables,TBL-DOC-POL-007-026,1,2,"○ 엔비디아는 GPU의 범용성과 성능
우위, SW경쟁력을 바탕으로 급성장, 글로벌 AI반도체 생태계를 주도",layout_false_positive,single_row_layout_box,no,,,reviewed,1차 heuristic seed. 레이아웃 박스/표 도구 기반 제목 요소로 판단해 제외.,1,TOP_AND_BOTTOM
TRV-DOC-POL-007-JS-027,DOC-POL-007,hwpx,section8,pymupdf_find_tables,TBL-DOC-POL-007-027,1,1,◇ 차별화 전략으로 엔비디아 GPU 아성에 도전하는 팹리스·빅테크,layout_false_positive,single_cell_layout_box,no,,,reviewed,1차 heuristic seed. 레이아웃 박스/표 도구 기반 제목 요소로 판단해 제외.,1,TOP_AND_BOTTOM
TRV-DOC-POL-007-JS-028,DOC-POL-007,hwpx,section8,pymupdf_find_tables,TBL-DOC-POL-007-028,1,1,◇ AI 추론시장 성장으로 도약의 기회를 맞은 AI반도체 스타트업,layout_false_positive,single_cell_layout_box,no,,,reviewed,1차 heuristic seed. 레이아웃 박스/표 도구 기반 제목 요소로 판단해 제외.,1,TOP_AND_BOTTOM
TRV-DOC-POL-007-JS-029,DOC-POL-007,hwpx,section8,pymupdf_find_tables,TBL-DOC-POL-007-029,1,3,2 | 주요국 정책 동향,layout_false_positive,single_row_layout_box,no,,,reviewed,1차 heuristic seed. 레이아웃 박스/표 도구 기반 제목 요소로 판단해 제외.,1,TOP_AND_BOTTOM
TRV-DOC-POL-007-JS-030,DOC-POL-007,hwpx,section8,pymupdf_find_tables,TBL-DOC-POL-007-030,1,2,미국 중심의 공급망 체계를 강화하며 글로벌 리더십 확보,layout_false_positive,front_matter_table,no,,,reviewed,1차 heuristic seed. 레이아웃 박스/표 도구 기반 제목 요소로 판단해 제외.,1,TOP_AND_BOTTOM
TRV-DOC-POL-007-JS-031,DOC-POL-007,hwpx,section8,pymupdf_find_tables,TBL-DOC-POL-007-031,1,2,"美 제재에 맞서, 정부 주도로 대규모 투자·기술 자립화 추진",layout_false_positive,single_row_layout_box,no,,,reviewed,1차 heuristic seed. 레이아웃 박스/표 도구 기반 제목 요소로 판단해 제외.,1,TOP_AND_BOTTOM
TRV-DOC-POL-007-JS-032,DOC-POL-007,hwpx,section8,pymupdf_find_tables,TBL-DOC-POL-007-032,1,2,美의 中 제재에 동참 및 반도체 혁신 생태계 조성,layout_false_positive,single_row_layout_box,no,,,reviewed,1차 heuristic seed. 레이아웃 박스/표 도구 기반 제목 요소로 판단해 제외.,1,TOP_AND_BOTTOM
TRV-DOC-POL-007-JS-033,DOC-POL-007,hwpx,section8,pymupdf_find_tables,TBL-DOC-POL-007-033,1,1,"⇒ 美·中의 AI반도체 패권을 둘러싼 총력전이 전개되는 상황에서, 우리 역시 국가적 역량을 총결집하여 미래 반도체 산업 생존 전략을 모색할 필요",layout_false_positive,single_cell_layout_box,no,,,reviewed,1차 heuristic seed. 레이아웃 박스/표 도구 기반 제목 요소로 판단해 제외.,1,TOP_AND_BOTTOM
TRV-DOC-POL-007-JS-034,DOC-POL-007,hwpx,section8,pymupdf_find_tables,TBL-DOC-POL-007-034,1,1,Ⅲ. 현황 진단,layout_false_positive,single_cell_layout_box,no,,,reviewed,1차 heuristic seed. 레이아웃 박스/표 도구 기반 제목 요소로 판단해 제외.,1,TOP_AND_BOTTOM
TRV-DOC-POL-007-JS-035,DOC-POL-007,hwpx,section8,pymupdf_find_tables,TBL-DOC-POL-007-035,1,3,1 | 추진 현황 및 성과,layout_false_positive,single_row_layout_box,no,,,reviewed,1차 heuristic seed. 레이아웃 박스/표 도구 기반 제목 요소로 판단해 제외.,1,TOP_AND_BOTTOM
TRV-DOC-POL-007-JS-036,DOC-POL-007,hwpx,section8,pymupdf_find_tables,TBL-DOC-POL-007-036,1,2,"○ 이 과정에서 다양한 분야(NPU, 인터페이스 등)의 스타트업이 기술 혁신을 주도하였으며, 특히 유망 스타트업은 유니콘 기업으로 성장",layout_false_positive,single_row_layout_box,no,,,reviewed,1차 heuristic seed. 레이아웃 박스/표 도구 기반 제목 요소로 판단해 제외.,1,TOP_AND_BOTTOM
TRV-DOC-POL-007-JS-037,DOC-POL-007,hwpx,section8,pymupdf_find_tables,TBL-DOC-POL-007-037,1,3,2 | 우리의 현주소,layout_false_positive,single_row_layout_box,no,,,reviewed,1차 heuristic seed. 레이아웃 박스/표 도구 기반 제목 요소로 판단해 제외.,1,TOP_AND_BOTTOM
TRV-DOC-POL-007-JS-038,DOC-POL-007,hwpx,section8,pymupdf_find_tables,TBL-DOC-POL-007-038,1,1,"◇ (성능) 국산 NPU는 초기 단계로, 상용화에 필수적인 시장 요구를 충족할 필요",layout_false_positive,single_cell_layout_box,no,,,reviewed,1차 heuristic seed. 레이아웃 박스/표 도구 기반 제목 요소로 판단해 제외.,1,TOP_AND_BOTTOM
TRV-DOC-POL-007-JS-039,DOC-POL-007,hwpx,section8,pymupdf_find_tables,TBL-DOC-POL-007-039,1,2,"◇ 클라우드 구축‧운영 측면에서 전성비가 우수한 NPU를 더욱 선호 <A CSP社>
◇ 국산AI반도체 기반의 디바이스(CCTV 등)를 활용한 온디바이스AI 실증 요구 <B 반도체社>
◇ 기술애로 해소와 서비스 맞춤 최적화를 위한 지원 요구 <C 반도체社>
◇ 국산 AI반도체 도입을 위해서는 객관적인 성능 검증이 필요 <D CSP社>",layout_false_positive,single_row_layout_box,no,,,reviewed,1차 heuristic seed. 레이아웃 박스/표 도구 기반 제목 요소로 판단해 제외.,1,TOP_AND_BOTTOM
TRV-DOC-POL-007-JS-040,DOC-POL-007,hwpx,section8,pymupdf_find_tables,TBL-DOC-POL-007-040,1,1,⇒ 시장 수요에 대응하는 NPU 성능 고도화를 위해 단기간 집중 지원 추진,layout_false_positive,single_cell_layout_box,no,,,reviewed,1차 heuristic seed. 레이아웃 박스/표 도구 기반 제목 요소로 판단해 제외.,1,TOP_AND_BOTTOM
TRV-DOC-POL-007-JS-041,DOC-POL-007,hwpx,section8,pymupdf_find_tables,TBL-DOC-POL-007-041,1,1,◇ (수요) 국산 NPU의 본격적인 확산을 위해 초기 수요 제공 등 마중물이 요구,layout_false_positive,single_cell_layout_box,no,,,reviewed,1차 heuristic seed. 레이아웃 박스/표 도구 기반 제목 요소로 판단해 제외.,1,TOP_AND_BOTTOM
TRV-DOC-POL-007-JS-042,DOC-POL-007,hwpx,section8,pymupdf_find_tables,TBL-DOC-POL-007-042,1,2,"□ (시장 활성화 미흡) 국내 AI시장은 아직 개화 중으로, AI반도체 수요가 부족하여 NPU 가격 경쟁력에 필수적인 ’규모의 경제’ 실현에 한계",layout_false_positive,single_row_layout_box,no,,,reviewed,1차 heuristic seed. 레이아웃 박스/표 도구 기반 제목 요소로 판단해 제외.,1,TOP_AND_BOTTOM
TRV-DOC-POL-007-JS-043,DOC-POL-007,hwpx,section8,pymupdf_find_tables,TBL-DOC-POL-007-043,1,2,"□ (레퍼런스 부족) 신기술인 NPU를 도입하려는 수요기업은 소수이며, 특히 도입 리스크 등으로 기업 규모가 작을수록 소극적*",layout_false_positive,single_row_layout_box,no,,,reviewed,1차 heuristic seed. 레이아웃 박스/표 도구 기반 제목 요소로 판단해 제외.,1,TOP_AND_BOTTOM
TRV-DOC-POL-007-JS-044,DOC-POL-007,hwpx,section8,pymupdf_find_tables,TBL-DOC-POL-007-044,1,2,"◇ 공공선도의 NPU 도입을 통해 새로운 분야에 대한 수요 창출 유도 필요 <E 반도체社>
◇ CSP 등 수요 기업의 NPU 도입을 위한 정부의 지원책 마련 시급 <F CSP社>
◇ 엣지·서버별로 국산칩 사용시 혜택 제공 요청 <G 반도체社>
◇ 국내시장만으로는 성장 한계, 동남아·중동 등 해외시장 PoC 필요 <H 반도체社>",layout_false_positive,single_row_layout_box,no,,,reviewed,1차 heuristic seed. 레이아웃 박스/표 도구 기반 제목 요소로 판단해 제외.,1,TOP_AND_BOTTOM
TRV-DOC-POL-007-JS-045,DOC-POL-007,hwpx,section8,pymupdf_find_tables,TBL-DOC-POL-007-045,1,1,⇒ 국내·외 레퍼런스 확보 지원을 통한 공공·민간 초기 시장 창출·확산,layout_false_positive,single_cell_layout_box,no,,,reviewed,1차 heuristic seed. 레이아웃 박스/표 도구 기반 제목 요소로 판단해 제외.,1,TOP_AND_BOTTOM
TRV-DOC-POL-007-JS-046,DOC-POL-007,hwpx,section8,pymupdf_find_tables,TBL-DOC-POL-007-046,1,1,◇ (기반) 우리 스타트업의 '죽음의 계곡' 극복을 위한 투자·인재 지원 필요,layout_false_positive,single_cell_layout_box,no,,,reviewed,1차 heuristic seed. 레이아웃 박스/표 도구 기반 제목 요소로 판단해 제외.,1,TOP_AND_BOTTOM
TRV-DOC-POL-007-JS-047,DOC-POL-007,hwpx,section8,pymupdf_find_tables,TBL-DOC-POL-007-047,1,3,,layout_false_positive,empty_table_box,no,,,reviewed,1차 heuristic seed. 레이아웃 박스/표 도구 기반 제목 요소로 판단해 제외.,1,TOP_AND_BOTTOM
TRV-DOC-POL-007-JS-048,DOC-POL-007,hwpx,section8,pymupdf_find_tables,TBL-DOC-POL-007-048,1,2,"◇ 개발에서 매출까지 8년을 견뎌야 하는 상황으로 장기 금융지원 중요<I 반도체社>
◇ 담보 부족으로 금융조달이 어려우며, 양산비 등 자금지원이 요구 <J 반도체社>
◇ 해외 인력유치·인력풀 운영 정책과 기업수요 맞춤 교육프로그램 요구 <K 반도체社>",layout_false_positive,single_row_layout_box,no,,,reviewed,1차 heuristic seed. 레이아웃 박스/표 도구 기반 제목 요소로 판단해 제외.,1,TOP_AND_BOTTOM
TRV-DOC-POL-007-JS-049,DOC-POL-007,hwpx,section8,pymupdf_find_tables,TBL-DOC-POL-007-049,1,1,⇒ 집중적 투자와 체계적 인재육성으로 견고한 AI반도체 성장 기반 마련,layout_false_positive,single_cell_layout_box,no,,,reviewed,1차 heuristic seed. 레이아웃 박스/표 도구 기반 제목 요소로 판단해 제외.,1,TOP_AND_BOTTOM
TRV-DOC-POL-007-JS-050,DOC-POL-007,hwpx,section8,pymupdf_find_tables,TBL-DOC-POL-007-050,1,3,3 | 역량 분석,layout_false_positive,single_row_layout_box,no,,,reviewed,1차 heuristic seed. 레이아웃 박스/표 도구 기반 제목 요소로 판단해 제외.,1,TOP_AND_BOTTOM
TRV-DOC-POL-007-JS-051,DOC-POL-007,hwpx,section8,pymupdf_find_tables,TBL-DOC-POL-007-051,4,3,내부역량 | 강점(S) | 약점(W),review_required,hwpx_needs_manual_review,yes,,CTBL-DOC-POL-007-010,reviewed,내부역량/외부환경 SWOT 매트릭스. 구조표로 유지.,1,TOP_AND_BOTTOM
TRV-DOC-POL-007-JS-052,DOC-POL-007,hwpx,section8,pymupdf_find_tables,TBL-DOC-POL-007-052,1,1,▷ NPU 고도화 집중 지원 및 피지컬AI 向 초저전력 기술혁신 역량 확보,layout_false_positive,single_cell_layout_box,no,,,reviewed,1차 heuristic seed. 레이아웃 박스/표 도구 기반 제목 요소로 판단해 제외.,1,TOP_AND_BOTTOM
TRV-DOC-POL-007-JS-053,DOC-POL-007,hwpx,section8,pymupdf_find_tables,TBL-DOC-POL-007-053,1,1,,layout_false_positive,empty_table_box,no,,,reviewed,1차 heuristic seed. 레이아웃 박스/표 도구 기반 제목 요소로 판단해 제외.,1,TOP_AND_BOTTOM
TRV-DOC-POL-007-JS-054,DOC-POL-007,hwpx,section8,pymupdf_find_tables,TBL-DOC-POL-007-054,1,1,Ⅳ. 추진 방향,layout_false_positive,single_cell_layout_box,no,,,reviewed,1차 heuristic seed. 레이아웃 박스/표 도구 기반 제목 요소로 판단해 제외.,1,TOP_AND_BOTTOM
TRV-DOC-POL-007-JS-055,DOC-POL-007,hwpx,section8,pymupdf_find_tables,TBL-DOC-POL-007-055,1,1,"◈ 독자 AI 파운데이션 모델 기반의 국가 AI 혁신을 안정적으로 지원하며, 피지컬AI 시대를 대비한 맞춤형 개발·상용화 지원으로 미래 시장 선도
- 단기(’26~‘27)적으로 기술 고도화와 집중 투자로 도약 기반을 구축하고, 중장기(~’30)적으로 차세대 기술로 전환하여 글로벌 시장 경쟁력 확보",layout_false_positive,single_cell_layout_box,no,,,reviewed,1차 heuristic seed. 레이아웃 박스/표 도구 기반 제목 요소로 판단해 제외.,1,TOP_AND_BOTTOM
TRV-DOC-POL-007-JS-056,DOC-POL-007,hwpx,section8,pymupdf_find_tables,TBL-DOC-POL-007-056,1,1,󰊱 (기술 혁신) 시장 경쟁력 확보를 위한 기술역량 강화,layout_false_positive,single_cell_layout_box,no,,,reviewed,1차 heuristic seed. 레이아웃 박스/표 도구 기반 제목 요소로 판단해 제외.,1,TOP_AND_BOTTOM
TRV-DOC-POL-007-JS-057,DOC-POL-007,hwpx,section8,pymupdf_find_tables,TBL-DOC-POL-007-057,1,3,"NPU 개발에 성공하였으나,
시장 요구에 맞는 고도화 필요 | K-AI+NPU로 시장 경쟁력 확보,
피지컬AI 向 차세대 반도체 기술 선점",layout_false_positive,single_row_layout_box,no,,,reviewed,1차 heuristic seed. 레이아웃 박스/표 도구 기반 제목 요소로 판단해 제외.,1,TOP_AND_BOTTOM
TRV-DOC-POL-007-JS-058,DOC-POL-007,hwpx,section8,pymupdf_find_tables,TBL-DOC-POL-007-058,1,1,󰊲 (수요 창출) 초기 시장 안착을 위한 대규모 수요 창출,layout_false_positive,single_cell_layout_box,no,,,reviewed,1차 heuristic seed. 레이아웃 박스/표 도구 기반 제목 요소로 판단해 제외.,1,TOP_AND_BOTTOM
TRV-DOC-POL-007-JS-059,DOC-POL-007,hwpx,section8,pymupdf_find_tables,TBL-DOC-POL-007-059,1,3,"국산 NPU는 출시 초기 단계로,
본격적인 수요 창출은 미흡 | 공공·민간 NPU 수요 창출을 통한 시장 안착·확산",layout_false_positive,single_row_layout_box,no,,,reviewed,1차 heuristic seed. 레이아웃 박스/표 도구 기반 제목 요소로 판단해 제외.,1,TOP_AND_BOTTOM
TRV-DOC-POL-007-JS-060,DOC-POL-007,hwpx,section8,pymupdf_find_tables,TBL-DOC-POL-007-060,1,1,󰊳 (기반 강화) 금융·인재 등 미래 성장동력 확보,layout_false_positive,single_cell_layout_box,no,,,reviewed,1차 heuristic seed. 레이아웃 박스/표 도구 기반 제목 요소로 판단해 제외.,1,TOP_AND_BOTTOM
TRV-DOC-POL-007-JS-061,DOC-POL-007,hwpx,section8,pymupdf_find_tables,TBL-DOC-POL-007-061,1,3,"비용부담으로 양산에 한계가 있고, 인재확보는 더딘 상황 | 금융지원부터 인재양성까지
기업 혁신역량 확보를 전방위 지원",layout_false_positive,single_row_layout_box,no,,,reviewed,1차 heuristic seed. 레이아웃 박스/표 도구 기반 제목 요소로 판단해 제외.,1,TOP_AND_BOTTOM
TRV-DOC-POL-007-JS-062,DOC-POL-007,hwpx,section8,pymupdf_find_tables,TBL-DOC-POL-007-062,1,1,Ⅴ. 비전 및 목표,layout_false_positive,single_cell_layout_box,no,,,reviewed,1차 heuristic seed. 레이아웃 박스/표 도구 기반 제목 요소로 판단해 제외.,1,TOP_AND_BOTTOM
TRV-DOC-POL-007-JS-063,DOC-POL-007,hwpx,section8,pymupdf_find_tables,TBL-DOC-POL-007-063,1,1,Ⅵ. 추진 과제,layout_false_positive,single_cell_layout_box,no,,,reviewed,1차 heuristic seed. 레이아웃 박스/표 도구 기반 제목 요소로 판단해 제외.,1,TOP_AND_BOTTOM
TRV-DOC-POL-007-JS-064,DOC-POL-007,hwpx,section8,pymupdf_find_tables,TBL-DOC-POL-007-064,1,3,1 | (기술혁신) 국산 AI반도체 상용화 및 미래도전 기술 확보,layout_false_positive,single_row_layout_box,no,,,reviewed,1차 heuristic seed. 레이아웃 박스/표 도구 기반 제목 요소로 판단해 제외.,1,TOP_AND_BOTTOM
TRV-DOC-POL-007-JS-065,DOC-POL-007,hwpx,section8,pymupdf_find_tables,TBL-DOC-POL-007-065,1,1,1-1. 독자 AI모델+국산 NPU 패키지化를 위한 K-NPU 프로젝트 가동,layout_false_positive,single_cell_layout_box,no,,,reviewed,1차 heuristic seed. 레이아웃 박스/표 도구 기반 제목 요소로 판단해 제외.,1,TOP_AND_BOTTOM
TRV-DOC-POL-007-JS-066,DOC-POL-007,hwpx,section8,pymupdf_find_tables,TBL-DOC-POL-007-066,1,1,"◇ ①독자 AI모델과 연계한 성능 고도화, ②대규모 테스트베드 구축, ③평가·피드백 체계 마련을 통해 독자 AI모델을 견고히 지원하는 K-AI+NPU 패키지 구현",layout_false_positive,single_cell_layout_box,no,,,reviewed,1차 heuristic seed. 레이아웃 박스/표 도구 기반 제목 요소로 판단해 제외.,1,TOP_AND_BOTTOM
TRV-DOC-POL-007-JS-067,DOC-POL-007,hwpx,section8,pymupdf_find_tables,TBL-DOC-POL-007-067,22,19,구분 | `25년 | `26년 | `27년,structured_table,hwpx_matrix_table,yes,,CTBL-DOC-POL-007-002,reviewed,1차 heuristic seed. 구조표 후보로 유지.,1,TOP_AND_BOTTOM
TRV-DOC-POL-007-JS-068,DOC-POL-007,hwpx,section8,pymupdf_find_tables,TBL-DOC-POL-007-068,2,2,"HW 성능 | ▪(연산성능) 1.6PF(FP8) / (전력 효율성) 0.85TPS/W
▪(LLM 지원) 독자 AI모델 수준의 대형 모델 최적 지원",layout_false_positive,small_hwpx_layout_box,no,,,reviewed,1차 heuristic seed. 레이아웃 박스/표 도구 기반 제목 요소로 판단해 제외.,1,TOP_AND_BOTTOM
TRV-DOC-POL-007-JS-069,DOC-POL-007,hwpx,section8,pymupdf_find_tables,TBL-DOC-POL-007-069,2,2,"AI기업 | ▪(개발) 국산 NPU 활용을 고려한 독자 AI 모델 개발 지원
▪(평가) 독자 AI모델 단계평가 시 NPU 등 국산 AI반도체 연계 계획 등 반영",layout_false_positive,small_hwpx_layout_box,no,,,reviewed,1차 heuristic seed. 레이아웃 박스/표 도구 기반 제목 요소로 판단해 제외.,1,TOP_AND_BOTTOM
TRV-DOC-POL-007-JS-070,DOC-POL-007,hwpx,section8,pymupdf_find_tables,TBL-DOC-POL-007-070,5,5,설계 SW | ⇨ | 제품 제작 | ⇨,structured_table,hwpx_matrix_table,yes,,CTBL-DOC-POL-007-003,reviewed,1차 heuristic seed. 구조표 후보로 유지.,1,TOP_AND_BOTTOM
TRV-DOC-POL-007-JS-071,DOC-POL-007,hwpx,section8,pymupdf_find_tables,TBL-DOC-POL-007-071,4,2,구 분 | 참여 기관(안),structured_table,hwpx_grid_table,yes,,CTBL-DOC-POL-007-004,reviewed,1차 heuristic seed. 구조표 후보로 유지.,1,TOP_AND_BOTTOM
TRV-DOC-POL-007-JS-072,DOC-POL-007,hwpx,section8,pymupdf_find_tables,TBL-DOC-POL-007-072,1,1,측정단계,layout_false_positive,single_cell_layout_box,no,,,reviewed,1차 heuristic seed. 레이아웃 박스/표 도구 기반 제목 요소로 판단해 제외.,1,TOP_AND_BOTTOM
TRV-DOC-POL-007-JS-073,DOC-POL-007,hwpx,section8,pymupdf_find_tables,TBL-DOC-POL-007-073,1,1,"□ 측정 데이터 공개 양식(안)
○ (1단계) 측정 조건 및 지표별 세부 데이터 확보
○ (2단계) 최적화된 측정값 시각화를 통한 객관적 평가 기반 제공
< 측정 시각화(예시, 라마3-8B모델, Output 1,024) >",layout_false_positive,single_cell_layout_box,no,,,reviewed,1차 heuristic seed. 레이아웃 박스/표 도구 기반 제목 요소로 판단해 제외.,1,TOP_AND_BOTTOM
TRV-DOC-POL-007-JS-074,DOC-POL-007,hwpx,section8,pymupdf_find_tables,TBL-DOC-POL-007-074,1,1,1-2. 피지컬AI 선도국 도약을 위한 핵심 전략기술 확보,layout_false_positive,single_cell_layout_box,no,,,reviewed,1차 heuristic seed. 레이아웃 박스/표 도구 기반 제목 요소로 판단해 제외.,1,TOP_AND_BOTTOM
TRV-DOC-POL-007-JS-075,DOC-POL-007,hwpx,section8,pymupdf_find_tables,TBL-DOC-POL-007-075,1,1,◇ 피지컬AI에 특화된 엣지향 NPU 고도화 및 PIM·뉴로모픽 등 초저전력 차세대 반도체 기술 선점을 통한 미래 글로벌 반도체 시장 주도,layout_false_positive,single_cell_layout_box,no,,,reviewed,1차 heuristic seed. 레이아웃 박스/표 도구 기반 제목 요소로 판단해 제외.,1,TOP_AND_BOTTOM
TRV-DOC-POL-007-JS-076,DOC-POL-007,hwpx,section8,pymupdf_find_tables,TBL-DOC-POL-007-076,3,1,< 피지컬 AI 向 AI반도체 발전 방향 >,layout_false_positive,heading_box,no,,,reviewed,1차 heuristic seed. 레이아웃 박스/표 도구 기반 제목 요소로 판단해 제외.,1,TOP_AND_BOTTOM
TRV-DOC-POL-007-JS-077,DOC-POL-007,hwpx,section8,pymupdf_find_tables,TBL-DOC-POL-007-077,4,7,기업 | PIM R&D 개발 목표 | 해외 상용 온디바이스 AI반도체,structured_table,hwpx_matrix_table,yes,,CTBL-DOC-POL-007-005,reviewed,1차 heuristic seed. 구조표 후보로 유지.,1,TOP_AND_BOTTOM
TRV-DOC-POL-007-JS-078,DOC-POL-007,hwpx,section8,pymupdf_find_tables,TBL-DOC-POL-007-078,2,5,⇨ | ⇦,layout_false_positive,small_hwpx_layout_box,no,,,reviewed,1차 heuristic seed. 레이아웃 박스/표 도구 기반 제목 요소로 판단해 제외.,1,TOP_AND_BOTTOM
TRV-DOC-POL-007-JS-079,DOC-POL-007,hwpx,section8,pymupdf_find_tables,TBL-DOC-POL-007-079,1,1,1-3. 국가 AX 전면화에 대비한 AI컴퓨팅 인프라 기술자립화 달성,layout_false_positive,single_cell_layout_box,no,,,reviewed,1차 heuristic seed. 레이아웃 박스/표 도구 기반 제목 요소로 판단해 제외.,1,TOP_AND_BOTTOM
TRV-DOC-POL-007-JS-080,DOC-POL-007,hwpx,section8,pymupdf_find_tables,TBL-DOC-POL-007-080,1,1,"◇ 국산 AI반도체로 독자 AI모델 기반 대규모 서비스 제공을 위한 ①인프라 및 HW, ②컴퓨팅SW, ③클라우드 등 AI컴퓨팅 인프라 독자운용 기술 확보",layout_false_positive,single_cell_layout_box,no,,,reviewed,1차 heuristic seed. 레이아웃 박스/표 도구 기반 제목 요소로 판단해 제외.,1,TOP_AND_BOTTOM
TRV-DOC-POL-007-JS-081,DOC-POL-007,hwpx,section8,pymupdf_find_tables,TBL-DOC-POL-007-081,3,4,구분 | 1단계(’25~’27) | ⇒ | 2단계(’28~’30),structured_table,hwpx_matrix_table,yes,,CTBL-DOC-POL-007-006,reviewed,1차 heuristic seed. 구조표 후보로 유지.,1,TOP_AND_BOTTOM
TRV-DOC-POL-007-JS-082,DOC-POL-007,hwpx,section8,pymupdf_find_tables,TBL-DOC-POL-007-082,1,3,2 | (수요창출) 국가 AI 대전환과 연계한 대규모 수요‧시장 창출,layout_false_positive,single_row_layout_box,no,,,reviewed,1차 heuristic seed. 레이아웃 박스/표 도구 기반 제목 요소로 판단해 제외.,1,TOP_AND_BOTTOM
TRV-DOC-POL-007-JS-083,DOC-POL-007,hwpx,section8,pymupdf_find_tables,TBL-DOC-POL-007-083,1,1,2-1. 공공 AX에 국산 NPU를 적극 도입하여 초기시장 활성화,layout_false_positive,single_cell_layout_box,no,,,reviewed,1차 heuristic seed. 레이아웃 박스/표 도구 기반 제목 요소로 판단해 제외.,1,TOP_AND_BOTTOM
TRV-DOC-POL-007-JS-084,DOC-POL-007,hwpx,section8,pymupdf_find_tables,TBL-DOC-POL-007-084,1,1,◇ 국산 NPU의 공공분야 도입 제도적 기반 마련 → ‘K-NPU 공공 선도 7대 과제’ 등 마중물 제공 → 제도 활성화를 통한 전면 확산 달성,layout_false_positive,single_cell_layout_box,no,,,reviewed,1차 heuristic seed. 레이아웃 박스/표 도구 기반 제목 요소로 판단해 제외.,1,TOP_AND_BOTTOM
TRV-DOC-POL-007-JS-085,DOC-POL-007,hwpx,section8,pymupdf_find_tables,TBL-DOC-POL-007-085,4,3,예산배분 | 연구개발,review_required,hwpx_needs_manual_review,no,,,reviewed,예산배분-연구개발 연결 도식. 표 데이터보다 다이어그램 성격이 강해 제외.,1,TOP_AND_BOTTOM
TRV-DOC-POL-007-JS-086,DOC-POL-007,hwpx,section8,pymupdf_find_tables,TBL-DOC-POL-007-086,3,4,【 (예시) 광주 CCTV통합관제센터 AI서비스 실증 】,structured_table,hwpx_matrix_table,yes,,CTBL-DOC-POL-007-007,reviewed,1차 heuristic seed. 구조표 후보로 유지.,1,TOP_AND_BOTTOM
TRV-DOC-POL-007-JS-087,DOC-POL-007,hwpx,section8,pymupdf_find_tables,TBL-DOC-POL-007-087,4,2,<3대 기본 추진 방향>,review_required,hwpx_needs_manual_review,yes,,CTBL-DOC-POL-007-011,reviewed,3대 기본 추진 방향과 설명을 행 단위로 정리한 구조표.,1,TOP_AND_BOTTOM
TRV-DOC-POL-007-JS-088,DOC-POL-007,hwpx,section8,pymupdf_find_tables,TBL-DOC-POL-007-088,2,7,R&D·제품화 | ➡ | 조달 등록 | ➡,layout_false_positive,small_hwpx_layout_box,no,,,reviewed,1차 heuristic seed. 레이아웃 박스/표 도구 기반 제목 요소로 판단해 제외.,1,TOP_AND_BOTTOM
TRV-DOC-POL-007-JS-089,DOC-POL-007,hwpx,section8,pymupdf_find_tables,TBL-DOC-POL-007-089,1,1,2-2. 국산 NPU 기반 산업 AX 가속화‧글로벌화로 민간분야 전면 도입,layout_false_positive,single_cell_layout_box,no,,,reviewed,1차 heuristic seed. 레이아웃 박스/표 도구 기반 제목 요소로 판단해 제외.,1,TOP_AND_BOTTOM
TRV-DOC-POL-007-JS-090,DOC-POL-007,hwpx,section8,pymupdf_find_tables,TBL-DOC-POL-007-090,1,1,◇ 주력 산업과 국민 일상에 걸친 국산 AI반도체 기반 AX 확산으로 민간 NPU 수요 확대 촉진 및 팹리스의 글로벌 시장 진출 지원,layout_false_positive,single_cell_layout_box,no,,,reviewed,1차 heuristic seed. 레이아웃 박스/표 도구 기반 제목 요소로 판단해 제외.,1,TOP_AND_BOTTOM
TRV-DOC-POL-007-JS-091,DOC-POL-007,hwpx,section8,pymupdf_find_tables,TBL-DOC-POL-007-091,3,2,유형 | 주요 지원내용,review_required,hwpx_needs_manual_review,yes,,CTBL-DOC-POL-007-012,reviewed,유형별 주요 지원내용 비교표로 판단.,1,TOP_AND_BOTTOM
TRV-DOC-POL-007-JS-092,DOC-POL-007,hwpx,section8,pymupdf_find_tables,TBL-DOC-POL-007-092,1,3,3 | (기반 강화) 대규모 투자 및 인재 육성으로 성장동력 확보,layout_false_positive,single_row_layout_box,no,,,reviewed,1차 heuristic seed. 레이아웃 박스/표 도구 기반 제목 요소로 판단해 제외.,1,TOP_AND_BOTTOM
TRV-DOC-POL-007-JS-093,DOC-POL-007,hwpx,section8,pymupdf_find_tables,TBL-DOC-POL-007-093,1,1,3-1. 딥테크의 조기 스케일업을 위한 금융 투자 확대,layout_false_positive,single_cell_layout_box,no,,,reviewed,1차 heuristic seed. 레이아웃 박스/표 도구 기반 제목 요소로 판단해 제외.,1,TOP_AND_BOTTOM
TRV-DOC-POL-007-JS-094,DOC-POL-007,hwpx,section8,pymupdf_find_tables,TBL-DOC-POL-007-094,1,1,◇ 팹리스 단계별 투자 지원체계 구축을 통한 성장 촉진 기반 마련 및 수요기업의 국산 NPU 도입·투자 시 금전적 인센티브 제공,layout_false_positive,single_cell_layout_box,no,,,reviewed,1차 heuristic seed. 레이아웃 박스/표 도구 기반 제목 요소로 판단해 제외.,1,TOP_AND_BOTTOM
TRV-DOC-POL-007-JS-095,DOC-POL-007,hwpx,section8,pymupdf_find_tables,TBL-DOC-POL-007-095,3,3,"국민성장펀드 기반
대규모 투·융자 지원 | + | AI혁신펀드·KIF·우본 등
정책 펀드 투자",review_required,hwpx_needs_manual_review,no,,,reviewed,section2의 투자지원 카드 박스와 동일 계열. 표가 아니라 설명형 박스로 제외.,1,TOP_AND_BOTTOM
TRV-DOC-POL-007-JS-096,DOC-POL-007,hwpx,section8,pymupdf_find_tables,TBL-DOC-POL-007-096,3,3,구분 | ➊계약 담보형 | ➋IP평가 보증형,review_required,hwpx_needs_manual_review,yes,,CTBL-DOC-POL-007-013,reviewed,금융지원 유형 비교표로 유지.,1,TOP_AND_BOTTOM
TRV-DOC-POL-007-JS-097,DOC-POL-007,hwpx,section8,pymupdf_find_tables,TBL-DOC-POL-007-097,1,1,3-2. 딥테크 혁신역량 강화를 위한 인재 육성 및 혁신허브 조성,layout_false_positive,single_cell_layout_box,no,,,reviewed,1차 heuristic seed. 레이아웃 박스/표 도구 기반 제목 요소로 판단해 제외.,1,TOP_AND_BOTTOM
TRV-DOC-POL-007-JS-098,DOC-POL-007,hwpx,section8,pymupdf_find_tables,TBL-DOC-POL-007-098,1,1,"◇ 국산 AI반도체 기술 혁신을 선도할 석·박사급 고급인재 및 현장 맞춤형 실전형 실무인재를 양성하고, 산·학·연 연계를 위한 R&BD 혁신허브 조성",layout_false_positive,single_cell_layout_box,no,,,reviewed,1차 heuristic seed. 레이아웃 박스/표 도구 기반 제목 요소로 판단해 제외.,1,TOP_AND_BOTTOM
TRV-DOC-POL-007-JS-099,DOC-POL-007,hwpx,section8,pymupdf_find_tables,TBL-DOC-POL-007-099,3,2,"AI반도체 대학원 | ▪AI반도체 및 관련 SW 설계 역량 제고에 특화된 AI반도체대학원 3개교*(’23~)를 통해 총 270명 이상 양성 추진(~’28)
* (’23) 서울대, KAIST, 한양대",review_required,hwpx_needs_manual_review,yes,,CTBL-DOC-POL-007-014,reviewed,AI반도체 인력양성 체계를 유형별로 정리한 구조표.,1,TOP_AND_BOTTOM
TRV-DOC-POL-007-JS-100,DOC-POL-007,hwpx,section8,pymupdf_find_tables,TBL-DOC-POL-007-100,2,2,"AI반도체
혁신연구소 | ▪AI반도체 대·중소·팹리스 기업과 대학이 연계하여 연구·교육과정을 운영하는 AI반도체 혁신연구소(’25~) 확대(’25. 2개* → ’26. 4개)
* (’25) 성균관대, 연세대",layout_false_positive,small_hwpx_layout_box,no,,,reviewed,1차 heuristic seed. 레이아웃 박스/표 도구 기반 제목 요소로 판단해 제외.,1,TOP_AND_BOTTOM
TRV-DOC-POL-007-JS-101,DOC-POL-007,hwpx,section8,pymupdf_find_tables,TBL-DOC-POL-007-101,2,2,"Arm 스쿨 | ▪Arm과의 MoU를 바탕으로 ‘Arm 스쿨*’을 설치하여 석·박사 및 재직자 대상 AI반도체 핵심 IP 교육(’26~)으로 5년간 1,400명 양성 추진
* (Arm) 교육과정 개발ㆍSW 제공ㆍ강사 파견 
(정부) 예산 지원 / (대학) 교육ㆍ연구 전용공간 확보",layout_false_positive,small_hwpx_layout_box,no,,,reviewed,1차 heuristic seed. 레이아웃 박스/표 도구 기반 제목 요소로 판단해 제외.,1,TOP_AND_BOTTOM
TRV-DOC-POL-007-JS-102,DOC-POL-007,hwpx,section8,pymupdf_find_tables,TBL-DOC-POL-007-102,2,7,대학·Arm 스쿨 | ➡ | 남부권 혁신벨트 | ➡,layout_false_positive,small_hwpx_layout_box,no,,,reviewed,1차 heuristic seed. 레이아웃 박스/표 도구 기반 제목 요소로 판단해 제외.,1,TOP_AND_BOTTOM
TRV-DOC-POL-007-JS-103,DOC-POL-007,hwpx,section8,pymupdf_find_tables,TBL-DOC-POL-007-103,1,1,Ⅶ. 추진 체계,layout_false_positive,single_cell_layout_box,no,,,reviewed,1차 heuristic seed. 레이아웃 박스/표 도구 기반 제목 요소로 판단해 제외.,1,TOP_AND_BOTTOM
TRV-DOC-POL-007-JS-104,DOC-POL-007,hwpx,section8,pymupdf_find_tables,TBL-DOC-POL-007-104,1,3,참고 | 과제별 추진 일정,layout_false_positive,single_row_layout_box,no,,,reviewed,1차 heuristic seed. 레이아웃 박스/표 도구 기반 제목 요소로 판단해 제외.,1,TOP_AND_BOTTOM
TRV-DOC-POL-007-JS-105,DOC-POL-007,hwpx,section8,pymupdf_find_tables,TBL-DOC-POL-007-105,15,4,"세부 추진과제 | 주관 부처
(협조 부처) | 일정",structured_table,hwpx_matrix_table,yes,,CTBL-DOC-POL-007-008,reviewed,1차 heuristic seed. 구조표 후보로 유지.,1,TOP_AND_BOTTOM
TRV-DOC-POL-007-JS-106,DOC-POL-007,hwpx,section8,pymupdf_find_tables,TBL-DOC-POL-007-106,19,4,"세부 추진과제 | 주관 부처
(협조 부처) | 일정",structured_table,hwpx_matrix_table,yes,,CTBL-DOC-POL-007-009,reviewed,1차 heuristic seed. 구조표 후보로 유지.,1,TOP_AND_BOTTOM
TRV-DOC-POL-007-JS-107,DOC-POL-007,hwpx,section8,pymupdf_find_tables,TBL-DOC-POL-007-107,3,2,"과학기술정보통신부 정보통신정책실
정보통신방송기술정책과",review_required,hwpx_needs_manual_review,no,,,reviewed,담당부서 연락처 박스. 대시보드 표 데이터로 사용하지 않음.,1,TOP_AND_BOTTOM
TRV-DOC-POL-007-JS-108,DOC-POL-007,hwpx,section8,pymupdf_find_tables,TBL-DOC-POL-007-108,3,2,"산업통상부 산업정책실
반도체과",review_required,hwpx_needs_manual_review,no,,,reviewed,담당부서 연락처 박스. 대시보드 표 데이터로 사용하지 않음.,1,TOP_AND_BOTTOM
