merge_candidate_id,document_id,page_no,review_priority,suggested_reviewer_action,review_status,reviewer_decision,reviewer_role_override,reviewer_resource_type_override,reviewer_strategy_override,reviewer_tech_domain_override,reviewer_tech_subdomain_override,merge_into_candidate_id,split_required,final_item_label,final_item_statement,reviewer_notes,candidate_role_draft,candidate_role_notes,bucket_resource_type_guess,primary_strategy_candidates,tech_domain_candidates,tech_subdomain_candidates,merge_confidence,item_label_draft,item_statement_draft,primary_seed_id,member_seed_ids,supporting_review_seed_ids,member_count,supporting_review_count,primary_text
PMD-DOC-POL-006-0001,DOC-POL-006,2,high,drop_or_attach_background,reviewed,drop,,,,,,,,,,sample drop meta frame,meta_program_frame,detected_program_frame_keyword,technology,STR-014 | STR-005 | STR-003 | STR-006 | STR-002,TD-005 | TD-002,TSD-005-005 | TSD-002-002,medium,｢ 새정부경제성장전략(8.22)｣ 에따른초혁신경제 15대 프로젝트추진계획 발표Ⅰ*(9.10),"□ ｢ 새정부경제성장전략(8.22)｣ 에따른초혁신경제 15대 프로젝트추진계획 발표Ⅰ*(9.10), Ⅱ**(10.20), Ⅲ***(11.26)에이어네번째추진계획을마련·발표",CLS-SEED-DOC-POL-006-00006,CLS-SEED-DOC-POL-006-00006,CLS-SEED-DOC-POL-006-00007 | CLS-SEED-DOC-POL-006-00008 | CLS-SEED-DOC-POL-006-00009 | CLS-SEED-DOC-POL-006-00010,1,4,"□ ｢ 새정부경제성장전략(8.22)｣ 에따른초혁신경제 15대 프로젝트추진계획 발표Ⅰ*(9.10), Ⅱ**(10.20), Ⅲ***(11.26)에이어네번째추진계획을마련·발표"
PMD-DOC-POL-006-0002,DOC-POL-006,2,medium,keep_or_merge,review_required,,,,,,,,,,,,policy_action,detected_soft_problem_but_action_overrides,technology,,,,medium,초혁신경제,"□ (초혁신경제) 추격형경제의한계를극복하고선도형경제로나아가기 위해초혁신기술개발, 미래대응, 글로벌시장진출에집중투자",CLS-SEED-DOC-POL-006-00013,CLS-SEED-DOC-POL-006-00013,,1,0,"□ (초혁신경제) 추격형경제의한계를극복하고선도형경제로나아가기 위해초혁신기술개발, 미래대응, 글로벌시장진출에집중투자"
PMD-DOC-POL-006-0003,DOC-POL-006,2,medium,keep_or_merge,review_required,,,,,,,,,,,,policy_action,,infrastructure_policy,,,,medium,구체적인 프로젝트,□ (구체적인 프로젝트) 구체적인 프로젝트(Kingpin)에대해재정·세제·금융·규제개선등국가역량을총동원한집중지원으로가시적 성과 창출,CLS-SEED-DOC-POL-006-00014,CLS-SEED-DOC-POL-006-00014,CLS-SEED-DOC-POL-006-00015,1,1,□ (구체적인 프로젝트) 구체적인 프로젝트(Kingpin)에대해재정·세제·금융·규제개선등국가역량을총동원한집중지원으로가시적 성과 창출
PMD-DOC-POL-006-0004,DOC-POL-006,2,high,drop_or_attach_background,reviewed,drop,,,,,,,,,,sample drop meta frame,meta_program_frame,detected_program_frame_keyword,,,,,medium,추진단 구성,"□ (추진단 구성) 기업을 중심으로한민관합동추진단을프로젝트별로 구성하고, 정부는민간을적극지원․뒷받침",CLS-SEED-DOC-POL-006-00016,CLS-SEED-DOC-POL-006-00016,,1,0,"□ (추진단 구성) 기업을 중심으로한민관합동추진단을프로젝트별로 구성하고, 정부는민간을적극지원․뒷받침"
PMD-DOC-POL-006-0005,DOC-POL-006,2,medium,keep_or_merge,review_required,,,,,,,,,,,,policy_action,,infrastructure_policy,STR-003,TD-011,TSD-011-001,medium,선정절차,"□ (선정절차) 국정과제와의 연계성*, 관계부처** 및 지자체 의견, 현장방문 및 민관협의체, 전문가의견 등을 통해 선정",CLS-SEED-DOC-POL-006-00018,CLS-SEED-DOC-POL-006-00018,CLS-SEED-DOC-POL-006-00019 | CLS-SEED-DOC-POL-006-00020,1,2,"□ (선정절차) 국정과제와의 연계성*, 관계부처** 및 지자체 의견, 현장방문 및 민관협의체, 전문가의견 등을 통해 선정"
PMD-DOC-POL-006-0006,DOC-POL-006,3,high,drop_or_attach_background,reviewed,drop,,,,,,,,,,sample drop meta frame,meta_program_frame,detected_program_frame_keyword,infrastructure_policy,,,,medium,3대분야,"□ 3대분야, 15대프로젝트에대해기술개발, 인력, 금융, 해외진출·입지지원, 규제개선등패키지지원으로’30년까지잠재성장률반등도모",CLS-SEED-DOC-POL-006-00030,CLS-SEED-DOC-POL-006-00030,,1,0,"□ 3대분야, 15대프로젝트에대해기술개발, 인력, 금융, 해외진출·입지지원, 규제개선등패키지지원으로’30년까지잠재성장률반등도모"
PMD-DOC-POL-006-0007,DOC-POL-006,3,high,drop_or_attach_background,review_required,,,,,,,,,,,,meta_program_frame,detected_program_frame_keyword,infrastructure_policy,,,,medium,실무 추진협의체,□ (실무 추진협의체) 추진상황모니터링및부처간협조사항논의를 위해실무추진협의체(간사기재부차관보)를구성․운영,CLS-SEED-DOC-POL-006-00033,CLS-SEED-DOC-POL-006-00033,,1,0,□ (실무 추진협의체) 추진상황모니터링및부처간협조사항논의를 위해실무추진협의체(간사기재부차관보)를구성․운영
PMD-DOC-POL-006-0008,DOC-POL-006,3,medium,keep_or_merge,review_required,,,,,,,,,,,,policy_action,,infrastructure_policy,,,,medium,추진단,□ (추진단) 「기업+ 주관부처·관계기관+ 기재부*(지원)」등으로 프로젝트별추진단을구성하여단기간내성과 창출 도모,CLS-SEED-DOC-POL-006-00034,CLS-SEED-DOC-POL-006-00034,CLS-SEED-DOC-POL-006-00035,1,1,□ (추진단) 「기업+ 주관부처·관계기관+ 기재부*(지원)」등으로 프로젝트별추진단을구성하여단기간내성과 창출 도모
PMD-DOC-POL-006-0009,DOC-POL-006,3,high,drop_or_attach_background,review_required,,,,,,,,,,,,meta_program_frame,detected_program_frame_keyword,infrastructure_policy,,,,medium,20개추진단별’27년예산사업발굴등세부실행계획업데이트(~’26.4월),□ 20개추진단별’27년예산사업발굴등세부실행계획업데이트(~’26.4월),CLS-SEED-DOC-POL-006-00038,CLS-SEED-DOC-POL-006-00038,,1,0,□ 20개추진단별’27년예산사업발굴등세부실행계획업데이트(~’26.4월)
PMD-DOC-POL-006-0010,DOC-POL-006,4,low,keep_or_merge,review_required,,,,,,,,,,,,policy_action,,,,TD-005,,medium,첨단소재․부품,□ (첨단소재․부품) 산업생태계의게임체인저육성으로생산성제고,CLS-SEED-DOC-POL-006-00040,CLS-SEED-DOC-POL-006-00040,,1,0,□ (첨단소재․부품) 산업생태계의게임체인저육성으로생산성제고
PMD-DOC-POL-006-0011,DOC-POL-006,4,medium,keep_or_merge,reviewed,keep,,,,,,,,,,sample keep action,policy_action,,technology,STR-007,TD-002,,medium,초전도체,"ㅇ (초전도체) 고온초전도자석원천기술을고도화하고의료, 에너지, 교통등응용분야를 중심으로실용화기술및프로토타입개발",CLS-SEED-DOC-POL-006-00041,CLS-SEED-DOC-POL-006-00041,CLS-SEED-DOC-POL-006-00042 | CLS-SEED-DOC-POL-006-00043,1,2,"ㅇ (초전도체) 고온초전도자석원천기술을고도화하고의료, 에너지, 교통등응용분야를 중심으로실용화기술및프로토타입개발"
PMD-DOC-POL-006-0012,DOC-POL-006,4,low,keep_or_merge,reviewed,keep,,,,,,,,,,sample keep action,policy_action,,infrastructure_policy,STR-003,,,medium,K-바이오 글로벌 상업화,"ㅇ (K-바이오 글로벌 상업화) 임상 3상특화펀드(1,500억원규모) 조성, 인허가, 현지거점진출지원 등 글로벌 진출전주기 지원확대",CLS-SEED-DOC-POL-006-00045,CLS-SEED-DOC-POL-006-00045,,1,0,"ㅇ (K-바이오 글로벌 상업화) 임상 3상특화펀드(1,500억원규모) 조성, 인허가, 현지거점진출지원 등 글로벌 진출전주기 지원확대"
PMD-DOC-POL-006-0013,DOC-POL-006,4,low,keep_or_merge,reviewed,keep,,,,,,,,,,sample keep action,policy_action,,,STR-010,,,medium,K-디지털헬스케어,ㅇ (K-디지털헬스케어) 해외인수병원을 거점으로 중소․벤처기업을 지원하는 K-디지털헬스케어 新수출전략 정책지원 방안 마련(‘26. 1분기),CLS-SEED-DOC-POL-006-00046,CLS-SEED-DOC-POL-006-00046,,1,0,ㅇ (K-디지털헬스케어) 해외인수병원을 거점으로 중소․벤처기업을 지원하는 K-디지털헬스케어 新수출전략 정책지원 방안 마련(‘26. 1분기)
PMD-DOC-POL-006-0014,DOC-POL-006,4,medium,keep_or_merge,review_required,,,,,,,,,,,,policy_action,,infrastructure_policy,STR-011,,,medium,K-콘텐츠,"ㅇ (K-콘텐츠) (공통)콘텐츠정책펀드內미래전략분야신설(’26년500억원) 신융합장르 발굴 위한 범장르 AI 콘텐츠 제작지원 확대 일몰기한연장(’25.12월→’28.12월), (음악)음악영상물등급분류개선, (웹툰)제작비용에 대한소득세․법인세세액공제신설등",CLS-SEED-DOC-POL-006-00047,CLS-SEED-DOC-POL-006-00047 | CLS-SEED-DOC-POL-006-00048,,2,0,ㅇ (K-콘텐츠) (공통)콘텐츠정책펀드內미래전략분야신설(’26년500억원) 신융합장르 발굴 위한 범장르 AI 콘텐츠 제작지원 확대
PMD-DOC-POL-006-0015,DOC-POL-006,6,medium,keep_or_merge,review_required,,,,,,,,,,,,policy_action,,,,,,medium,｢새정부 경제성장전략(8.22)｣에 따른 초혁신경제 15대 선도프로젝트 추진,□ ｢새정부 경제성장전략(8.22)｣에 따른 초혁신경제 15대 선도프로젝트 추진,CLS-SEED-DOC-POL-006-00067,CLS-SEED-DOC-POL-006-00067,,1,0,□ ｢새정부 경제성장전략(8.22)｣에 따른 초혁신경제 15대 선도프로젝트 추진
PMD-DOC-POL-006-0016,DOC-POL-006,6,medium,keep_or_merge,review_required,,,,,,,,,,,,policy_action,,technology,STR-014 | STR-005 | STR-003 | STR-006 | STR-002,TD-005 | TD-002,TSD-005-005 | TSD-002-002,medium,초혁신경제 15대 프로젝트추진계획발표Ⅰ*(9.10),"ㅇ 초혁신경제 15대 프로젝트추진계획발표Ⅰ*(9.10), Ⅱ**(10.20), Ⅲ***(11.26)에이어네번째추진계획을마련·발표",CLS-SEED-DOC-POL-006-00068,CLS-SEED-DOC-POL-006-00068,CLS-SEED-DOC-POL-006-00069 | CLS-SEED-DOC-POL-006-00070 | CLS-SEED-DOC-POL-006-00071 | CLS-SEED-DOC-POL-006-00072,1,4,"ㅇ 초혁신경제 15대 프로젝트추진계획발표Ⅰ*(9.10), Ⅱ**(10.20), Ⅲ***(11.26)에이어네번째추진계획을마련·발표"
PMD-DOC-POL-006-0017,DOC-POL-006,6,medium,keep_or_merge,review_required,,,,,,,,,,,,policy_action,,,,,,medium,각프로젝트별기업및관계기관이참여하는추진단구성을 완료하고,"ㅇ 각프로젝트별기업및관계기관이참여하는추진단구성을 완료하고, 단기간내성과를가시화하기위한추진계획을정교화",CLS-SEED-DOC-POL-006-00073,CLS-SEED-DOC-POL-006-00073,,1,0,"ㅇ 각프로젝트별기업및관계기관이참여하는추진단구성을 완료하고, 단기간내성과를가시화하기위한추진계획을정교화"
PMD-DOC-POL-006-0018,DOC-POL-006,6,medium,keep_or_merge,review_required,,,,,,,,,,,,policy_action,,technology,,,,medium,이를 통해글로벌기술경쟁이심화되는현시점에서기술주권을 확보하고,"ㅇ 이를 통해글로벌기술경쟁이심화되는현시점에서기술주권을 확보하고, 경제대혁신을위한기반강화",CLS-SEED-DOC-POL-006-00074,CLS-SEED-DOC-POL-006-00074,,1,0,"ㅇ 이를 통해글로벌기술경쟁이심화되는현시점에서기술주권을 확보하고, 경제대혁신을위한기반강화"
PMD-DOC-POL-006-0019,DOC-POL-006,7,high,drop_or_attach_background,review_required,,,,,,,,,,,,meta_program_frame,detected_program_frame_keyword,technology,,,,medium,선도형경제로전환하기위해초혁신기술개발,"ㅇ 선도형경제로전환하기위해초혁신기술개발, 미래대응, 글로벌 시장진출등3대분야에세계최고수준의상품․서비스화",CLS-SEED-DOC-POL-006-00078,CLS-SEED-DOC-POL-006-00078,,1,0,"ㅇ 선도형경제로전환하기위해초혁신기술개발, 미래대응, 글로벌 시장진출등3대분야에세계최고수준의상품․서비스화"
PMD-DOC-POL-006-0020,DOC-POL-006,7,high,drop_or_attach_background,review_required,,,,,,,,,,,,meta_program_frame,detected_short_meta_bullet,,,,,medium,혁신프로젝트(Kingpin) 본격추진,- 혁신프로젝트(Kingpin) 본격추진,CLS-SEED-DOC-POL-006-00079,CLS-SEED-DOC-POL-006-00079,,1,0,- 혁신프로젝트(Kingpin) 본격추진
PMD-DOC-POL-006-0021,DOC-POL-006,7,medium,keep_or_merge,review_required,,,,,,,,,,,,policy_action,,talent,,,,medium,구체적인혁신아이템을선정하고집중적인패키지지원*을 통해단기간에가시적 성과 창출,ㅇ 구체적인혁신아이템을선정하고집중적인패키지지원*을 통해단기간에가시적 성과 창출,CLS-SEED-DOC-POL-006-00080,CLS-SEED-DOC-POL-006-00080,CLS-SEED-DOC-POL-006-00081,1,1,ㅇ 구체적인혁신아이템을선정하고집중적인패키지지원*을 통해단기간에가시적 성과 창출
PMD-DOC-POL-006-0022,DOC-POL-006,7,medium,keep_or_merge,review_required,,,,,,,,,,,,policy_action,,,STR-014,TD-002,TSD-002-003,medium,초혁신경제 프로젝트를 지역별 전략산업*과도 연계하여 지역균형성장및지역혁신을촉진,ㅇ 초혁신경제 프로젝트를 지역별 전략산업*과도 연계하여 지역균형성장및지역혁신을촉진,CLS-SEED-DOC-POL-006-00082,CLS-SEED-DOC-POL-006-00082,CLS-SEED-DOC-POL-006-00083,1,1,ㅇ 초혁신경제 프로젝트를 지역별 전략산업*과도 연계하여 지역균형성장및지역혁신을촉진
PMD-DOC-POL-006-0023,DOC-POL-006,7,medium,keep_or_merge,review_required,,,,,,,,,,,,policy_action,,,,,,medium,기업중심의프로젝트별추진단구성,- 기업중심의프로젝트별추진단구성,CLS-SEED-DOC-POL-006-00084,CLS-SEED-DOC-POL-006-00084,,1,0,- 기업중심의프로젝트별추진단구성
PMD-DOC-POL-006-0024,DOC-POL-006,7,medium,keep_or_merge,review_required,,,,,,,,,,,,policy_action,,,,,,medium,기업을 중심으로프로젝트추진과정에서의애로사항을신속히 발굴․해결하고,"ㅇ 기업을 중심으로프로젝트추진과정에서의애로사항을신속히 발굴․해결하고, 민간주도의혁신을촉진",CLS-SEED-DOC-POL-006-00085,CLS-SEED-DOC-POL-006-00085,CLS-SEED-DOC-POL-006-00086,1,1,"ㅇ 기업을 중심으로프로젝트추진과정에서의애로사항을신속히 발굴․해결하고, 민간주도의혁신을촉진"
PMD-DOC-POL-006-0025,DOC-POL-006,7,medium,keep_or_merge,review_required,,,,,,,,,,,,policy_action,detected_soft_problem_but_action_overrides,infrastructure_policy,,,,medium,정부는인프라정비·제도개선·재정·세제·금융지원등을 통해 민간을적극뒷받침하며,"ㅇ 정부는인프라정비·제도개선·재정·세제·금융지원등을 통해 민간을적극뒷받침하며, 문제해결형지원체계구축",CLS-SEED-DOC-POL-006-00087,CLS-SEED-DOC-POL-006-00087,,1,0,"ㅇ 정부는인프라정비·제도개선·재정·세제·금융지원등을 통해 민간을적극뒷받침하며, 문제해결형지원체계구축"
PMD-DOC-POL-006-0026,DOC-POL-006,7,medium,keep_or_merge,review_required,,,,,,,,,,,,policy_action,,infrastructure_policy,STR-007,TD-002,,medium,국정과제와의 연계성,"□ 국정과제와의 연계성, 관계부처 및 지자체 의견, 현장방문․민관협의체․전문가의견 등을 통해 선정",CLS-SEED-DOC-POL-006-00089,CLS-SEED-DOC-POL-006-00089,CLS-SEED-DOC-POL-006-00094,1,1,"□ 국정과제와의 연계성, 관계부처 및 지자체 의견, 현장방문․민관협의체․전문가의견 등을 통해 선정"
PMD-DOC-POL-006-0027,DOC-POL-006,9,medium,keep_or_merge,review_required,,,,,,,,,,,,policy_action,,infrastructure_policy,STR-011 | STR-014,TD-005,TSD-005-005,medium,차세대 전력반도체 LNG 화물창 초전도체 그래핀(Graphene) 특수탄소강 K-바이오․의약품(AI 바...,차세대 전력반도체 LNG 화물창 초전도체 그래핀(Graphene) 특수탄소강 K-바이오․의약품(AI 바이오) K-콘텐츠(게임․웹툰 등) K-뷰티 통합 클러스터 K-식품 ⇧ 패키지 지원,CLS-SEED-DOC-POL-006-00108,CLS-SEED-DOC-POL-006-00108,CLS-SEED-DOC-POL-006-00112 | CLS-SEED-DOC-POL-006-00113,1,2,차세대 전력반도체 LNG 화물창 초전도체 그래핀(Graphene) 특수탄소강 K-바이오․의약품(AI 바이오) K-콘텐츠(게임․웹툰 등) K-뷰티 통합 클러스터 K-식품 ⇧ 패키지 지원
PMD-DOC-POL-006-0028,DOC-POL-006,10,high,drop_or_attach_background,review_required,,,,,,,,,,,,meta_program_frame,detected_program_frame_keyword,infrastructure_policy,,,,medium,실무 추진협의체,- (실무 추진협의체) 실무추진협의체(간사차관보) 통해프로젝트 추진상황상시모니터링및부처간협조사항논의,CLS-SEED-DOC-POL-006-00116,CLS-SEED-DOC-POL-006-00116,CLS-SEED-DOC-POL-006-00117 | CLS-SEED-DOC-POL-006-00118,1,2,- (실무 추진협의체) 실무추진협의체(간사차관보) 통해프로젝트 추진상황상시모니터링및부처간협조사항논의
PMD-DOC-POL-006-0029,DOC-POL-006,10,medium,keep_or_merge,review_required,,,,,,,,,,,,policy_action,,,,,,medium,추진단,- (추진단) 20개추진단(단장: 주관부처국장) 주관부처주도구성,CLS-SEED-DOC-POL-006-00119,CLS-SEED-DOC-POL-006-00119,,1,0,- (추진단) 20개추진단(단장: 주관부처국장) 주관부처주도구성
PMD-DOC-POL-006-0030,DOC-POL-006,10,medium,keep_or_merge,review_required,,,,,,,,,,,,policy_action,,,,,,medium,「기업+ 주관부처·관계기관+ 기재부(지원)」등으로구성,ㅇ 「기업+ 주관부처·관계기관+ 기재부(지원)」등으로구성,CLS-SEED-DOC-POL-006-00120,CLS-SEED-DOC-POL-006-00120,,1,0,ㅇ 「기업+ 주관부처·관계기관+ 기재부(지원)」등으로구성
PMD-DOC-POL-006-0031,DOC-POL-006,10,medium,keep_or_merge,review_required,,,,,,,,,,,,policy_action,,infrastructure_policy,,,,medium,지원,- (지원) 기재부 국장*(급) + 신성장추진단 직원 + 산업연구원 전문가 등,CLS-SEED-DOC-POL-006-00123,CLS-SEED-DOC-POL-006-00123,CLS-SEED-DOC-POL-006-00124,1,1,- (지원) 기재부 국장*(급) + 신성장추진단 직원 + 산업연구원 전문가 등
PMD-DOC-POL-006-0032,DOC-POL-006,10,medium,keep_or_merge,review_required,,,,,,,,,,,,policy_action,,,STR-006,TD-002,TSD-002-002,medium,이질적인성격의과제로구성된경우,"ㅇ 이질적인성격의과제로구성된경우, 별개의추진단으로운영(총20개)",CLS-SEED-DOC-POL-006-00125,CLS-SEED-DOC-POL-006-00125,CLS-SEED-DOC-POL-006-00126,1,1,"ㅇ 이질적인성격의과제로구성된경우, 별개의추진단으로운영(총20개)"
PMD-DOC-POL-006-0033,DOC-POL-006,10,high,drop_or_attach_background,review_required,,,,,,,,,,,,meta_program_frame,detected_program_frame_keyword,infrastructure_policy,,,,medium,20개추진단별’27년예산사업발굴등세부실행계획업데이트(~’26.4월),□ 20개추진단별’27년예산사업발굴등세부실행계획업데이트(~’26.4월),CLS-SEED-DOC-POL-006-00129,CLS-SEED-DOC-POL-006-00129,,1,0,□ 20개추진단별’27년예산사업발굴등세부실행계획업데이트(~’26.4월)
PMD-DOC-POL-006-0034,DOC-POL-006,11,medium,keep_or_merge,review_required,,,,,,,,,,,,policy_action,,technology,,TD-011,TSD-011-001,medium,핵심부품(핵융합,"핵심부품(핵융합, 의료 등) 소형화․고성능화 위한 고온초전도자석 실용화 기술개발 ◇(중장기 목표) 고온초전도 자석 실용화를 통한 산업혁신 및 미래 먹거리 선점 ◇ (연도별 목표) ’26년고온초전도자석 원천기술 검증 → ’26년~’29년고온초전도자석 실용화 기술개발 → ’30년응용 분야별 고온초전도자석 프로토타입 제작",CLS-SEED-DOC-POL-006-00131,CLS-SEED-DOC-POL-006-00131,CLS-SEED-DOC-POL-006-00134 | CLS-SEED-DOC-POL-006-00136 | CLS-SEED-DOC-POL-006-00138 | CLS-SEED-DOC-POL-006-00140,1,4,"핵심부품(핵융합, 의료 등) 소형화․고성능화 위한 고온초전도자석 실용화 기술개발 ◇(중장기 목표) 고온초전도 자석 실용화를 통한 산업혁신 및 미래 먹거리 선점 ◇ (연도별 목표) ’26년고온초전도자석 원천기술 검증 → ’26년~’29년고온초전도자석 실용화 기술개발 → ’30년응용 분야별 고온초전도자석 프로토타입 제작"
PMD-DOC-POL-006-0035,DOC-POL-006,12,medium,keep_or_merge,review_required,,,,,,,,,,,,policy_action,,technology,,TD-002,,medium,지원체계,"- (지원체계) 고온초전도자석원천기술개발사업에참여하는컨소시엄 연구단, 유관연구기관‧ 학회등으로추진단구성",CLS-SEED-DOC-POL-006-00145,CLS-SEED-DOC-POL-006-00145 | CLS-SEED-DOC-POL-006-00146,CLS-SEED-DOC-POL-006-00147,2,1,"- (지원체계) 고온초전도자석원천기술개발사업에참여하는컨소시엄 연구단, 유관연구기관‧"
PMD-DOC-POL-006-0036,DOC-POL-006,12,medium,keep_or_merge,review_required,,,,,,,,,,,,policy_action,,technology,,TD-005,,medium,초전도생태계,"▪ (초전도생태계) 초전도관련소재‧ 부품‧ 장비기업, 초전도자석‧ 응용 시스템개발‧",CLS-SEED-DOC-POL-006-00149,CLS-SEED-DOC-POL-006-00149 | CLS-SEED-DOC-POL-006-00150,CLS-SEED-DOC-POL-006-00153,2,1,▪ (초전도생태계) 초전도관련소재‧
PMD-DOC-POL-006-0037,DOC-POL-006,12,medium,keep_or_merge,review_required,,,,,,,,,,,,policy_action,,technology,,,,medium,과기정통부중심으로고온초전도자석원천기술개발,"ㅇ 과기정통부중심으로고온초전도자석원천기술개발, 프로토 타입자석제작및응용시스템적용기술확보지원",CLS-SEED-DOC-POL-006-00155,CLS-SEED-DOC-POL-006-00155,,1,0,"ㅇ 과기정통부중심으로고온초전도자석원천기술개발, 프로토 타입자석제작및응용시스템적용기술확보지원"
PMD-DOC-POL-006-0038,DOC-POL-006,12,medium,keep_or_merge,review_required,,,,,,,,,,,,policy_action,,technology,,,,medium,핵융합분야의경우,"- 핵융합분야의경우, 고성능초전도선재의시험‧ 평가를 위한초전도도체시험설비구축지원 과기정통부 R&D · 고온 초전도자석 원천기술의 검증 및 고도화 · 고온 초전도자석 기술개발 수행을 통한 전문 인력 양성 · 초전도 선재 개발‧검증 및 자석 제작 기술 확보 과기정통부 실증 · 기초 물성 분석 장비, 핵융합로 등 고온초전도 자석 실용화 기술 개발‧실증 과기정통부 인프라 · 고온초전도 공정‧측정‧시험‧평가 단계별 장비 자체개발 · 세계 최고 사양인 16T*급 초전도 도체 시험시설",CLS-SEED-DOC-POL-006-00156,CLS-SEED-DOC-POL-006-00156 | CLS-SEED-DOC-POL-006-00157,CLS-SEED-DOC-POL-006-00158,2,1,"- 핵융합분야의경우, 고성능초전도선재의시험‧ 평가를 위한초전도도체시험설비구축지원 과기정통부 R&D"
PMD-DOC-POL-006-0039,DOC-POL-006,13,medium,keep_or_merge,review_required,,,,,,,,,,,,policy_action,,technology,,TD-002,,medium,지원방안,- (지원방안) 고온초전도자석용선재저비용화․대량생산화및 시제품원천기술의실용화등응용분야별* 특화기술개발 시험‧ 평가장비개발(’26년35억원),CLS-SEED-DOC-POL-006-00159,CLS-SEED-DOC-POL-006-00159 | CLS-SEED-DOC-POL-006-00166,CLS-SEED-DOC-POL-006-00160 | CLS-SEED-DOC-POL-006-00164 | CLS-SEED-DOC-POL-006-00167,2,3,- (지원방안) 고온초전도자석용선재저비용화․대량생산화및 시제품원천기술의실용화등응용분야별* 특화기술개발
PMD-DOC-POL-006-0040,DOC-POL-006,13,medium,keep_or_merge,review_required,,,,,,,,,,,,policy_action,,infrastructure_policy,,,,medium,더불어,"- 더불어, 선재․도체분야의경우세계최고사양인16T급 초전도도체시험시설*을위한인프라구축(’26년120억원)",CLS-SEED-DOC-POL-006-00168,CLS-SEED-DOC-POL-006-00168,CLS-SEED-DOC-POL-006-00169 | CLS-SEED-DOC-POL-006-00170 | CLS-SEED-DOC-POL-006-00172,1,3,"- 더불어, 선재․도체분야의경우세계최고사양인16T급 초전도도체시험시설*을위한인프라구축(’26년120억원)"
PMD-DOC-POL-006-0041,DOC-POL-006,14,medium,keep_or_merge,review_required,,,,,,,,,,,,policy_action,,technology,,,,medium,구축된초전도도체시험설비활용․보완을 통해고성능 초전도선재․도체의공정·측정·시험·평가를추진,- 구축된초전도도체시험설비활용․보완을 통해고성능 초전도선재․도체의공정·측정·시험·평가를추진,CLS-SEED-DOC-POL-006-00177,CLS-SEED-DOC-POL-006-00177,CLS-SEED-DOC-POL-006-00179,1,1,- 구축된초전도도체시험설비활용․보완을 통해고성능 초전도선재․도체의공정·측정·시험·평가를추진
PMD-DOC-POL-006-0042,DOC-POL-006,15,medium,keep_or_merge,review_required,,,,,,,,,,,,policy_action,,technology,STR-003,TD-011,TSD-011-002,medium,글로벌의약품시장* 규모는’23년1.75조달러이며지속확대중,ㅇ 글로벌의약품시장* 규모는’23년1.75조달러이며지속확대중 ⇒ ‘00년대국내·제네릭⇨ ’20년대바이오시밀러·위탁개발생산(CDMO),CLS-SEED-DOC-POL-006-00184,CLS-SEED-DOC-POL-006-00184 | CLS-SEED-DOC-POL-006-00188,CLS-SEED-DOC-POL-006-00185 | CLS-SEED-DOC-POL-006-00186 | CLS-SEED-DOC-POL-006-00190,2,3,ㅇ 글로벌의약품시장* 규모는’23년1.75조달러이며지속확대중
PMD-DOC-POL-006-0043,DOC-POL-006,16,medium,keep_or_merge,review_required,,,,,,,,,,,,policy_action,,technology,STR-003,TD-011,TSD-011-002,medium,기술력,"ㅇ (기술력) 국내의약품파이프라인은미국(11,200개), 중국(6,098개)에 이어세계3위인3,233개로미래성장잠재력확보(’24년)",CLS-SEED-DOC-POL-006-00195,CLS-SEED-DOC-POL-006-00195,CLS-SEED-DOC-POL-006-00196,1,1,"ㅇ (기술력) 국내의약품파이프라인은미국(11,200개), 중국(6,098개)에 이어세계3위인3,233개로미래성장잠재력확보(’24년)"
PMD-DOC-POL-006-0044,DOC-POL-006,16,medium,keep_or_merge,review_required,,,,,,,,,,,,policy_action,,technology,,,,medium,생산역량,"ㅇ (생산역량) CDMO의국가생산능력은2위*, 삼성바이오로직스는 기업세계1위**로세계최고수준의위탁개발생산역량(’24년)",CLS-SEED-DOC-POL-006-00197,CLS-SEED-DOC-POL-006-00197,CLS-SEED-DOC-POL-006-00198 | CLS-SEED-DOC-POL-006-00199 | CLS-SEED-DOC-POL-006-00201,1,3,"ㅇ (생산역량) CDMO의국가생산능력은2위*, 삼성바이오로직스는 기업세계1위**로세계최고수준의위탁개발생산역량(’24년)"
PMD-DOC-POL-006-0045,DOC-POL-006,16,medium,keep_or_merge,review_required,,,,,,,,,,,,policy_action,detected_soft_problem_but_action_overrides,infrastructure_policy,STR-003,,,medium,한계및향후추진방향 분야 한계 추진 방향･1조원 메가 펀드,"□ 한계및향후추진방향 분야 한계 추진 방향･1조원 메가 펀드, 임상 3상 ･바이오 투자시장 위축* 특화 펀드 조성으로 R&D 이후 임상 단계에 대규모 투자 유치･기술이전에서 자력 글로벌 진출 지원",CLS-SEED-DOC-POL-006-00202,CLS-SEED-DOC-POL-006-00202 | CLS-SEED-DOC-POL-006-00203,CLS-SEED-DOC-POL-006-00204,2,1,"□ 한계및향후추진방향 분야 한계 추진 방향･1조원 메가 펀드, 임상 3상"
PMD-DOC-POL-006-0046,DOC-POL-006,16,medium,keep_or_merge,review_required,,,,,,,,,,,,policy_action,,talent,STR-003,TD-001,TSD-001-001,medium,･핵심인재 11만명 양성 및 해외,⇨ ･핵심인재 11만명 양성 및 해외 인재 30명 유치 등 우수인재 확보･AI 등 첨단기술 활용 및 AX･AI 활용 신약개발 모델 초기･바이오헬스 신기술 접목 미흡･기술개발 소요비용 증가 기술개발·스케일업 대전환을 위한 R&D 지원 확대･민간투자 연계한 신속한,CLS-SEED-DOC-POL-006-00207,CLS-SEED-DOC-POL-006-00207 | CLS-SEED-DOC-POL-006-00208 | CLS-SEED-DOC-POL-006-00209,,3,0,⇨ ･핵심인재 11만명 양성 및 해외
PMD-DOC-POL-006-0047,DOC-POL-006,16,medium,keep_or_merge,review_required,,,,,,,,,,,,policy_action,,,,,,medium,스케일업 체계 구축･글로벌 네트워킹 기회 부족･해외 진출,"⇨ 스케일업 체계 구축･글로벌 네트워킹 기회 부족･해외 진출, 판매 사례 부족",CLS-SEED-DOC-POL-006-00210,CLS-SEED-DOC-POL-006-00210,,1,0,"⇨ 스케일업 체계 구축･글로벌 네트워킹 기회 부족･해외 진출, 판매 사례 부족"
PMD-DOC-POL-006-0048,DOC-POL-006,16,medium,keep_or_merge,review_required,,,,,,,,,,,,policy_action,,,,,,medium,･글로벌 오픈이노베이션 활성화로 글로벌 진출 지원,⇨ ･글로벌 오픈이노베이션 활성화로 글로벌 진출 지원 글로벌 진출 기회 확대,CLS-SEED-DOC-POL-006-00211,CLS-SEED-DOC-POL-006-00211 | CLS-SEED-DOC-POL-006-00212,,2,0,⇨ ･글로벌 오픈이노베이션 활성화로 글로벌 진출 지원
PMD-DOC-POL-006-0049,DOC-POL-006,17,medium,keep_or_merge,review_required,,,,,,,,,,,,policy_action,detected_need_phrase_but_action_overrides,infrastructure_policy,,,,medium,자금지원,"- (자금지원) 임상 3상특화펀드의성공적조성을 위해관계기관, 투자사들과협력하여자금조성·지원등 방안 마련필요",CLS-SEED-DOC-POL-006-00214,CLS-SEED-DOC-POL-006-00214,CLS-SEED-DOC-POL-006-00215 | CLS-SEED-DOC-POL-006-00218,1,2,"- (자금지원) 임상 3상특화펀드의성공적조성을 위해관계기관, 투자사들과협력하여자금조성·지원등 방안 마련필요"
PMD-DOC-POL-006-0050,DOC-POL-006,17,medium,keep_or_merge,review_required,,,,,,,,,,,,policy_action,,talent,,,,medium,B협회,"▪ B협회: 최근 애틀랜타 사태를 보면서 한국에 돌아가고 싶어 하는 인재들이 많을 것 같아, 유치 정책들을 관계 부처(외교부 등)와 잘 협의해서 최 대한 해외 브레인을 유치할 수 있으면 좋겠음",CLS-SEED-DOC-POL-006-00219,CLS-SEED-DOC-POL-006-00219,CLS-SEED-DOC-POL-006-00221,1,1,"▪ B협회: 최근 애틀랜타 사태를 보면서 한국에 돌아가고 싶어 하는 인재들이 많을 것 같아, 유치 정책들을 관계 부처(외교부 등)와 잘 협의해서 최 대한 해외 브레인을 유치할 수 있으면 좋겠음"
PMD-DOC-POL-006-0051,DOC-POL-006,17,medium,keep_or_merge,review_required,,,,,,,,,,,,policy_action,,,STR-003,TD-011,TSD-011-001,medium,C대학,"▪ C대학: 소요 시간과 예산이 막대했던 바이오 신약 개발에 AI가 접목됨으로써 혁명적 변화가 일어나고 있고, 한국에도 좋은 기회",CLS-SEED-DOC-POL-006-00222,CLS-SEED-DOC-POL-006-00222,CLS-SEED-DOC-POL-006-00224,1,1,"▪ C대학: 소요 시간과 예산이 막대했던 바이오 신약 개발에 AI가 접목됨으로써 혁명적 변화가 일어나고 있고, 한국에도 좋은 기회"
PMD-DOC-POL-006-0052,DOC-POL-006,18,medium,keep_or_merge,review_required,,,,,,,,,,,,policy_action,,,,,,medium,지원체계,"- (지원체계) 펀드등투자확대방안, 인력양성및글로벌 진출등 관련주관부처, 유관기업, 전문가등참여추진단구성*",CLS-SEED-DOC-POL-006-00227,CLS-SEED-DOC-POL-006-00227,CLS-SEED-DOC-POL-006-00228 | CLS-SEED-DOC-POL-006-00229,1,2,"- (지원체계) 펀드등투자확대방안, 인력양성및글로벌 진출등 관련주관부처, 유관기업, 전문가등참여추진단구성*"
PMD-DOC-POL-006-0053,DOC-POL-006,18,low,keep_or_merge,review_required,,,,,,,,,,,,policy_action,,,,TD-011,TSD-011-001,medium,추진목표,- (추진목표) ’26년기반마련및’27년부터K-바이오글로벌상업화 본격성과 창출을 통해’30년바이오의약글로벌5대강국도약,CLS-SEED-DOC-POL-006-00230,CLS-SEED-DOC-POL-006-00230,,1,0,- (추진목표) ’26년기반마련및’27년부터K-바이오글로벌상업화 본격성과 창출을 통해’30년바이오의약글로벌5대강국도약
PMD-DOC-POL-006-0054,DOC-POL-006,18,low,keep_or_merge,review_required,,,,,,,,,,,,policy_action,,,STR-003,,,medium,지원방안,"- (지원방안) 1조메가펀드, 임상 3상특화펀드통한자금지원및R&D, 글로벌 진출지원등신약개발부터사업화까지전영역지원강화",CLS-SEED-DOC-POL-006-00232,CLS-SEED-DOC-POL-006-00232,,1,0,"- (지원방안) 1조메가펀드, 임상 3상특화펀드통한자금지원및R&D, 글로벌 진출지원등신약개발부터사업화까지전영역지원강화"
PMD-DOC-POL-006-0055,DOC-POL-006,18,medium,keep_or_merge,review_required,,,,,,,,,,,,policy_action,,infrastructure_policy,,,,medium,배경,"ㅇ (배경) 제약산업육성, 글로벌경쟁력강화위해글로벌제약펀드(’13.9) 시작으로K-바이오·백신펀드조성(’23.11~) 등보건계정펀드확대",CLS-SEED-DOC-POL-006-00235,CLS-SEED-DOC-POL-006-00235,,1,0,"ㅇ (배경) 제약산업육성, 글로벌경쟁력강화위해글로벌제약펀드(’13.9) 시작으로K-바이오·백신펀드조성(’23.11~) 등보건계정펀드확대"
PMD-DOC-POL-006-0056,DOC-POL-006,18,medium,keep_or_merge,review_required,,,,,,,,,,,,policy_action,,technology,STR-003 | STR-010,TD-011,TSD-011-003,medium,투자 대상,ㅇ (투자 대상) 바이오헬스全분야및백신관련혁신기술개발기업,CLS-SEED-DOC-POL-006-00236,CLS-SEED-DOC-POL-006-00236,CLS-SEED-DOC-POL-006-00237 | CLS-SEED-DOC-POL-006-00238,1,2,ㅇ (투자 대상) 바이오헬스全분야및백신관련혁신기술개발기업
PMD-DOC-POL-006-0057,DOC-POL-006,19,medium,keep_or_merge,review_required,,,,,,,,,,,,policy_action,,infrastructure_policy,,,,medium,조성 현황,"ㅇ (조성 현황) 1기펀드(1~7호, ’13~’21년조성)는1,310억원출자액을 마중물로7개자조합, 6,950억원규모조성 →최고수익률(2호, 3.05배) 및바이오벤처상장기반마련",CLS-SEED-DOC-POL-006-00242,CLS-SEED-DOC-POL-006-00242,,1,0,"ㅇ (조성 현황) 1기펀드(1~7호, ’13~’21년조성)는1,310억원출자액을 마중물로7개자조합, 6,950억원규모조성 →최고수익률(2호, 3.05배) 및바이오벤처상장기반마련"
PMD-DOC-POL-006-0058,DOC-POL-006,19,medium,keep_or_merge,review_required,,,,,,,,,,,,policy_action,,technology,,,,medium,투자 실적,"ㅇ (투자 실적) 170건(111개社) 5,837억원투자, 19개기업신규상장(’25.10)",CLS-SEED-DOC-POL-006-00243,CLS-SEED-DOC-POL-006-00243,CLS-SEED-DOC-POL-006-00244,1,1,"ㅇ (투자 실적) 170건(111개社) 5,837억원투자, 19개기업신규상장(’25.10)"
PMD-DOC-POL-006-0059,DOC-POL-006,19,medium,keep_or_merge,review_required,,,,,,,,,,,,policy_action,,infrastructure_policy,,,,medium,조성 현황,"ㅇ (조성 현황) 2기펀드(K-바이오·백신펀드, ’23년~)는1,200억원출자액을 마중물로4개자조합, 4,666억원규모조성(2개추가조성중)",CLS-SEED-DOC-POL-006-00246,CLS-SEED-DOC-POL-006-00246,,1,0,"ㅇ (조성 현황) 2기펀드(K-바이오·백신펀드, ’23년~)는1,200억원출자액을 마중물로4개자조합, 4,666억원규모조성(2개추가조성중)"
PMD-DOC-POL-006-0060,DOC-POL-006,19,medium,keep_or_merge,review_required,,,,,,,,,,,,policy_action,,infrastructure_policy,,,,medium,투자 실적,"ㅇ (투자 실적) 1~2호펀드로, 37건(28개社) 1,358억원투자(’25.10)",CLS-SEED-DOC-POL-006-00247,CLS-SEED-DOC-POL-006-00247,CLS-SEED-DOC-POL-006-00251,1,1,"ㅇ (투자 실적) 1~2호펀드로, 37건(28개社) 1,358억원투자(’25.10)"
PMD-DOC-POL-006-0061,DOC-POL-006,19,medium,keep_or_merge,review_required,,,,,,,,,,,,policy_action,,infrastructure_policy,STR-003,TD-011,TSD-011-001 | TSD-011-003,medium,임상 3상펀드조성시공공출자비율상향(40 →60%)을위한 국책은행출자협조관련지속협의추진 < 임상 3상 특...,"- 임상 3상펀드조성시공공출자비율상향(40 →60%)을위한 국책은행출자협조관련지속협의추진 < 임상 3상 특화펀드 조성 계획(안) > ▸(투자대상(안)) 혁신 신약 및 바이오베터에 대한 파이프라인을 보유한 임상 3상 추진 중 또는 추진 예정인 기업 ▸(투자규모) 1,500억원 (’26년 정부 출자금 600억원 정부안 반영)",CLS-SEED-DOC-POL-006-00253,CLS-SEED-DOC-POL-006-00253,CLS-SEED-DOC-POL-006-00256,1,1,"- 임상 3상펀드조성시공공출자비율상향(40 →60%)을위한 국책은행출자협조관련지속협의추진 < 임상 3상 특화펀드 조성 계획(안) > ▸(투자대상(안)) 혁신 신약 및 바이오베터에 대한 파이프라인을 보유한 임상 3상 추진 중 또는 추진 예정인 기업 ▸(투자규모) 1,500억원 (’26년 정부 출자금 600억원 정부안 반영)"
PMD-DOC-POL-006-0062,DOC-POL-006,20,low,keep_or_merge,review_required,,,,,,,,,,,,policy_action,,infrastructure_policy,,TD-011,TSD-011-006,medium,블록버스터급신약창출및혁신생태계조성을 위해K-바이오·백신펀드1조원규모목표로지속조성추진,ㅇ 블록버스터급신약창출및혁신생태계조성을 위해K-바이오·백신펀드1조원규모목표로지속조성추진,CLS-SEED-DOC-POL-006-00258,CLS-SEED-DOC-POL-006-00258,,1,0,ㅇ 블록버스터급신약창출및혁신생태계조성을 위해K-바이오·백신펀드1조원규모목표로지속조성추진
PMD-DOC-POL-006-0063,DOC-POL-006,20,medium,keep_or_merge,review_required,,,,,,,,,,,,policy_action,,infrastructure_policy,,,,medium,복지부펀드의경험및노하우가실제성과로이어질수있도록 국민성장펀드를 통해끝까지지원하는투자생태계구축,ㅇ 복지부펀드의경험및노하우가실제성과로이어질수있도록 국민성장펀드를 통해끝까지지원하는투자생태계구축,CLS-SEED-DOC-POL-006-00259,CLS-SEED-DOC-POL-006-00259,CLS-SEED-DOC-POL-006-00263,1,1,ㅇ 복지부펀드의경험및노하우가실제성과로이어질수있도록 국민성장펀드를 통해끝까지지원하는투자생태계구축
PMD-DOC-POL-006-0064,DOC-POL-006,20,medium,keep_or_merge,review_required,,,,,,,,,,,,policy_action,,talent,STR-003,TD-011,TSD-011-002,medium,현장맞춤형공정전문인력을양성(K-NIBRT,"- 현장맞춤형공정전문인력을양성(K-NIBRT, 연2천명)하여 CDMO 기업등에바이오의약품생산인력적기공급추진",CLS-SEED-DOC-POL-006-00264,CLS-SEED-DOC-POL-006-00264,CLS-SEED-DOC-POL-006-00265,1,1,"- 현장맞춤형공정전문인력을양성(K-NIBRT, 연2천명)하여 CDMO 기업등에바이오의약품생산인력적기공급추진"
PMD-DOC-POL-006-0065,DOC-POL-006,20,medium,keep_or_merge,review_required,,,,,,,,,,,,policy_action,,technology,STR-003,TD-011,TSD-011-001,medium,신약개발,"- 신약개발, AI 바이오 등 해외전문인재의 전략적 확보를 통해 글로벌 탑티어 해외석학 30명 유치 추진(연6명, ~’30)",CLS-SEED-DOC-POL-006-00266,CLS-SEED-DOC-POL-006-00266,CLS-SEED-DOC-POL-006-00268 | CLS-SEED-DOC-POL-006-00269,1,2,"- 신약개발, AI 바이오 등 해외전문인재의 전략적 확보를 통해 글로벌 탑티어 해외석학 30명 유치 추진(연6명, ~’30)"
PMD-DOC-POL-006-0066,DOC-POL-006,20,medium,keep_or_merge,review_required,,,,,,,,,,,,policy_action,,technology,,TD-011,TSD-011-001,medium,과기부,"- 과기부, 산업부등과부처협업신약개발R&D 추진을 통해 블록버스터급신약창출가속화",CLS-SEED-DOC-POL-006-00270,CLS-SEED-DOC-POL-006-00270,CLS-SEED-DOC-POL-006-00271,1,1,"- 과기부, 산업부등과부처협업신약개발R&D 추진을 통해 블록버스터급신약창출가속화"
PMD-DOC-POL-006-0067,DOC-POL-006,21,medium,keep_or_merge,review_required,,,,,,,,,,,,policy_action,,technology,STR-003,,,medium,중기부 협업하여“스케일업 팁스 플랫폼”을 통해 공동으로 유망기업 선정하고 지원사업 집중*하여 사업화 성...,- 중기부 협업하여“스케일업 팁스 플랫폼”을 통해 공동으로 유망기업 선정하고 지원사업 집중*하여 사업화 성공률 제고,CLS-SEED-DOC-POL-006-00272,CLS-SEED-DOC-POL-006-00272,CLS-SEED-DOC-POL-006-00273 | CLS-SEED-DOC-POL-006-00274 | CLS-SEED-DOC-POL-006-00276 | CLS-SEED-DOC-POL-006-00278 | CLS-SEED-DOC-POL-006-00279,1,5,- 중기부 협업하여“스케일업 팁스 플랫폼”을 통해 공동으로 유망기업 선정하고 지원사업 집중*하여 사업화 성공률 제고
PMD-DOC-POL-006-0068,DOC-POL-006,21,medium,keep_or_merge,review_required,,,,,,,,,,,,policy_action,,technology,,,,medium,글로벌 액셀러레이팅 플랫폼 등을 통한 컨설팅,"- 글로벌 액셀러레이팅 플랫폼 등을 통한 컨설팅, 투자유치, 글로벌 제약사 네트워크 구축 등 제공 고속화를 통해‘30년까지블록버스터급 신약 3건 창출",CLS-SEED-DOC-POL-006-00280,CLS-SEED-DOC-POL-006-00280 | CLS-SEED-DOC-POL-006-00286,CLS-SEED-DOC-POL-006-00281 | CLS-SEED-DOC-POL-006-00282,2,2,"- 글로벌 액셀러레이팅 플랫폼 등을 통한 컨설팅, 투자유치, 글로벌 제약사 네트워크 구축 등 제공"
PMD-DOC-POL-006-0069,DOC-POL-006,21,medium,keep_or_merge,review_required,,,,,,,,,,,,policy_action,,,,,,medium,글로벌사우스등신흥시장진출다양화지원,- 글로벌사우스등신흥시장진출다양화지원,CLS-SEED-DOC-POL-006-00288,CLS-SEED-DOC-POL-006-00288,,1,0,- 글로벌사우스등신흥시장진출다양화지원
PMD-DOC-POL-006-0070,DOC-POL-006,22,medium,keep_or_merge,review_required,,,,,,,,,,,,policy_action,,infrastructure_policy,STR-010,,,medium,각국제도개선및인프라확충으로디지털헬스혁신경쟁가속화,- 각국제도개선및인프라확충으로디지털헬스혁신경쟁가속화,CLS-SEED-DOC-POL-006-00295,CLS-SEED-DOC-POL-006-00295,CLS-SEED-DOC-POL-006-00296,1,1,- 각국제도개선및인프라확충으로디지털헬스혁신경쟁가속화
PMD-DOC-POL-006-0071,DOC-POL-006,22,medium,keep_or_merge,review_required,,,,,,,,,,,,policy_action,,,,,,medium,해외수요확대,"ㅇ (해외수요확대) 고령화․만성질환증가등으로의료 AI․의료기기 수요가폭발적으로증가(북미, 유럽, 중동시장고성장중)",CLS-SEED-DOC-POL-006-00298,CLS-SEED-DOC-POL-006-00298,,1,0,"ㅇ (해외수요확대) 고령화․만성질환증가등으로의료 AI․의료기기 수요가폭발적으로증가(북미, 유럽, 중동시장고성장중)"
PMD-DOC-POL-006-0072,DOC-POL-006,22,medium,keep_or_merge,review_required,,,,,,,,,,,,policy_action,detected_soft_problem_but_action_overrides,,STR-010,,,medium,국내시장성장한계,"ㅇ (국내시장성장한계) 국내시장만으로는디지털헬스기업의매출 확대가제한적, 이에따라해외진출기업*도증가중",CLS-SEED-DOC-POL-006-00299,CLS-SEED-DOC-POL-006-00299,CLS-SEED-DOC-POL-006-00300,1,1,"ㅇ (국내시장성장한계) 국내시장만으로는디지털헬스기업의매출 확대가제한적, 이에따라해외진출기업*도증가중"
PMD-DOC-POL-006-0073,DOC-POL-006,23,medium,keep_or_merge,review_required,,,,,,,,,,,,policy_action,,technology,,,,medium,수출경쟁력강화를 위해전주기 지원강화하는한편,"⇨ 수출경쟁력강화를 위해전주기 지원강화하는한편, 해외거점 기관및병원을임상실증테스트베드로활용(신규모델)",CLS-SEED-DOC-POL-006-00304,CLS-SEED-DOC-POL-006-00304,,1,0,"⇨ 수출경쟁력강화를 위해전주기 지원강화하는한편, 해외거점 기관및병원을임상실증테스트베드로활용(신규모델)"
PMD-DOC-POL-006-0074,DOC-POL-006,23,high,attach_as_case_example,reviewed,attach_as_case_example,,,,,,,,,,sample attach case example,case_example,detected_case_example_quote,technology,STR-010,,,medium,디지털헬스기업B,"▪ 디지털헬스기업B: “해외 현지의 의료기기 인허가 획득을 위한 임상시험, 실증을 위해서는 이게 가능한 현지 의료기관을 찾아야 하는데, 현지 CRO나 전문컨설턴트 등 전문가에 대한 정보도 부족하고, 현지 의료기관에 대한 정보나 여건 확인도 어렵고, 현지 의료기관과 네트워크 구축도 어려움”",CLS-SEED-DOC-POL-006-00309,CLS-SEED-DOC-POL-006-00309,,1,0,"▪ 디지털헬스기업B: “해외 현지의 의료기기 인허가 획득을 위한 임상시험, 실증을 위해서는 이게 가능한 현지 의료기관을 찾아야 하는데, 현지 CRO나 전문컨설턴트 등 전문가에 대한 정보도 부족하고, 현지 의료기관에 대한 정보나 여건 확인도 어렵고, 현지 의료기관과 네트워크 구축도 어려움”"
PMD-DOC-POL-006-0075,DOC-POL-006,23,high,attach_as_case_example,reviewed,attach_as_case_example,,,,,,,,,,sample attach case example,case_example,detected_case_example_quote,technology,STR-010,,,medium,디지털헬스기업C,"▪ 디지털헬스기업C: “국내 개발 AI 의료기기 S/W를 가지고 해외 진출 시 Heterogeneous 데이터가 필요한데 한국에서는 거의 Homogeneous 데이터만 확보할 수 있어서 다양성에 한계가 있음. 해결책으로 미국 데이터 업체로부터 비식별화된 다인종, 다인구 데이터를 구매하여 학습 또는 테스트 데이터로 활용하고 있는데 데이터 요구사항을 특정하고 확보하는 데까지 상당한 기간과 비용이 소요됨”",CLS-SEED-DOC-POL-006-00311,CLS-SEED-DOC-POL-006-00311,,1,0,"▪ 디지털헬스기업C: “국내 개발 AI 의료기기 S/W를 가지고 해외 진출 시 Heterogeneous 데이터가 필요한데 한국에서는 거의 Homogeneous 데이터만 확보할 수 있어서 다양성에 한계가 있음. 해결책으로 미국 데이터 업체로부터 비식별화된 다인종, 다인구 데이터를 구매하여 학습 또는 테스트 데이터로 활용하고 있는데 데이터 요구사항을 특정하고 확보하는 데까지 상당한 기간과 비용이 소요됨”"
PMD-DOC-POL-006-0076,DOC-POL-006,23,medium,keep_or_merge,review_required,,,,,,,,,,,,policy_action,,technology,,,,medium,해외거점 확보,"- (해외거점 확보) 해외거점기관을 통한 R&D, 컨설팅, 네트워킹 등 지원",CLS-SEED-DOC-POL-006-00312,CLS-SEED-DOC-POL-006-00312,,1,0,"- (해외거점 확보) 해외거점기관을 통한 R&D, 컨설팅, 네트워킹 등 지원"
PMD-DOC-POL-006-0077,DOC-POL-006,24,medium,keep_or_merge,review_required,,,,,,,,,,,,policy_action,,technology,STR-010,TD-011,TSD-011-003,medium,K-디지털헬스 해외거점 확보 추진단,"- (K-디지털헬스 해외거점 확보 추진단) 디지털헬스기업을 중심으로 관계부처 및 유관협회 및 기관을 포함하여 구성*·운영(9.25, 11.28 2차례)",CLS-SEED-DOC-POL-006-00315,CLS-SEED-DOC-POL-006-00315,CLS-SEED-DOC-POL-006-00316 | CLS-SEED-DOC-POL-006-00317 | CLS-SEED-DOC-POL-006-00319,1,3,"- (K-디지털헬스 해외거점 확보 추진단) 디지털헬스기업을 중심으로 관계부처 및 유관협회 및 기관을 포함하여 구성*·운영(9.25, 11.28 2차례)"
PMD-DOC-POL-006-0078,DOC-POL-006,24,medium,keep_or_merge,review_required,,,,,,,,,,,,policy_action,,,,,,medium,지원방안,"- (지원방안) ①기존「ICT 기반 의료시스템해외진출」확대․강화,",CLS-SEED-DOC-POL-006-00320,CLS-SEED-DOC-POL-006-00320,,1,0,"- (지원방안) ①기존「ICT 기반 의료시스템해외진출」확대․강화,"
PMD-DOC-POL-006-0079,DOC-POL-006,24,medium,keep_or_merge,review_required,,,,,,,,,,,,policy_action,,,,,,medium,사업목적,ㅇ (사업목적) ICT 기반 의료시스템 해외진출 기반 조성 및 해외성공사례 발굴‧ 확산을 위해 최신 정보통신기술이 결합된 의료시스템의 해외진출 지원(’16∼),CLS-SEED-DOC-POL-006-00323,CLS-SEED-DOC-POL-006-00323,,1,0,ㅇ (사업목적) ICT 기반 의료시스템 해외진출 기반 조성 및 해외성공사례 발굴‧ 확산을 위해 최신 정보통신기술이 결합된 의료시스템의 해외진출 지원(’16∼)
PMD-DOC-POL-006-0080,DOC-POL-006,25,medium,keep_or_merge,review_required,,,,,,,,,,,,policy_action,,technology,,,,medium,지원대상,ㅇ (지원대상) ICT 기반 의료시스템을보유하고있는기업또는의료기관,CLS-SEED-DOC-POL-006-00325,CLS-SEED-DOC-POL-006-00325,CLS-SEED-DOC-POL-006-00328,1,1,ㅇ (지원대상) ICT 기반 의료시스템을보유하고있는기업또는의료기관
PMD-DOC-POL-006-0081,DOC-POL-006,25,medium,keep_or_merge,review_required,,,,,,,,,,,,policy_action,,,,,,medium,실증지원,ㅇ (실증지원) ICT 의료시스템진출타겟국시장및규제·인증 환경을고려한인허가획득등현지실증지원,CLS-SEED-DOC-POL-006-00332,CLS-SEED-DOC-POL-006-00332,CLS-SEED-DOC-POL-006-00333,1,1,ㅇ (실증지원) ICT 의료시스템진출타겟국시장및규제·인증 환경을고려한인허가획득등현지실증지원
PMD-DOC-POL-006-0082,DOC-POL-006,25,medium,keep_or_merge,review_required,,,,,,,,,,,,policy_action,,technology,,,,medium,3개 트랙(모델개발,"- 3개 트랙(모델개발, 진출지원, 판로개척)에 대해 ①지원대상 7개소→ 15개소, ②지원 기간 1년 → 최대 2년(1+1)) 등 확대",CLS-SEED-DOC-POL-006-00334,CLS-SEED-DOC-POL-006-00334,,1,0,"- 3개 트랙(모델개발, 진출지원, 판로개척)에 대해 ①지원대상 7개소→ 15개소, ②지원 기간 1년 → 최대 2년(1+1)) 등 확대"
PMD-DOC-POL-006-0083,DOC-POL-006,25,medium,keep_or_merge,review_required,,,,,,,,,,,,policy_action,,technology,,,,medium,비대면진료,"ㅇ (비대면진료) 해외환자원격협진외에비대면진료활성화를 위한통합플랫폼구축(’26년4억원, 신규)",CLS-SEED-DOC-POL-006-00335,CLS-SEED-DOC-POL-006-00335,,1,0,"ㅇ (비대면진료) 해외환자원격협진외에비대면진료활성화를 위한통합플랫폼구축(’26년4억원, 신규)"
PMD-DOC-POL-006-0084,DOC-POL-006,25,medium,keep_as_regulatory_delta,reviewed,keep_as_regulatory_delta,,,,,,,,,,sample keep regulatory delta,regulatory_delta,detected_current_to_improvement_pattern,infrastructure_policy,,,,medium,현재,- (현재) 국내의료인-외국의료인간원격협진만가능→(개선) 원격협진外국내의료인-외국인환자간비대면진료제도화,CLS-SEED-DOC-POL-006-00336,CLS-SEED-DOC-POL-006-00336,CLS-SEED-DOC-POL-006-00337,1,1,- (현재) 국내의료인-외국의료인간원격협진만가능→(개선) 원격협진外국내의료인-외국인환자간비대면진료제도화
PMD-DOC-POL-006-0085,DOC-POL-006,25,medium,keep_or_merge,review_required,,,,,,,,,,,,policy_action,,,,,,medium,컨설팅,ㅇ (컨설팅) 성공사례창출를 위해컨설팅및정보공유강화(‘26년4억원),CLS-SEED-DOC-POL-006-00338,CLS-SEED-DOC-POL-006-00338,,1,0,ㅇ (컨설팅) 성공사례창출를 위해컨설팅및정보공유강화(‘26년4억원)
PMD-DOC-POL-006-0086,DOC-POL-006,25,medium,keep_or_merge,review_required,,,,,,,,,,,,policy_action,,infrastructure_policy,,,,medium,컨설팅,- (컨설팅) 규제·인허가복잡성대응컨설팅* 지원,CLS-SEED-DOC-POL-006-00339,CLS-SEED-DOC-POL-006-00339,CLS-SEED-DOC-POL-006-00340,1,1,- (컨설팅) 규제·인허가복잡성대응컨설팅* 지원
PMD-DOC-POL-006-0087,DOC-POL-006,25,medium,keep_or_merge,review_required,,,,,,,,,,,,policy_action,,,,,,medium,정보공유,"- (정보공유) 후발기업에게성공노하우를공유하기위해벤치마킹 선도사례(성공․우수사례) 선정, 해외진출실무등정보공유* 활성화",CLS-SEED-DOC-POL-006-00341,CLS-SEED-DOC-POL-006-00341,CLS-SEED-DOC-POL-006-00342,1,1,"- (정보공유) 후발기업에게성공노하우를공유하기위해벤치마킹 선도사례(성공․우수사례) 선정, 해외진출실무등정보공유* 활성화"
PMD-DOC-POL-006-0088,DOC-POL-006,26,medium,keep_or_merge,review_required,,,,,,,,,,,,policy_action,,,,,,medium,ICT 성과 창출,ㅇ (ICT 성과 창출) ICT 기반 의료시스템 해외수출 전주기 지원 확대 및 성공사례 확산을 통해 AI·디지탈 분야 성과 창출,CLS-SEED-DOC-POL-006-00345,CLS-SEED-DOC-POL-006-00345,,1,0,ㅇ (ICT 성과 창출) ICT 기반 의료시스템 해외수출 전주기 지원 확대 및 성공사례 확산을 통해 AI·디지탈 분야 성과 창출
PMD-DOC-POL-006-0089,DOC-POL-006,26,medium,keep_or_merge,review_required,,,,,,,,,,,,policy_action,,technology,,,,medium,국내외실증과성과사례를 중심으로기술력과신뢰에기반한 Medical Korea 브랜드확산을 위해온․오프홍보* 연계,- 국내외실증과성과사례를 중심으로기술력과신뢰에기반한 Medical Korea 브랜드확산을 위해온․오프홍보* 연계,CLS-SEED-DOC-POL-006-00348,CLS-SEED-DOC-POL-006-00348,CLS-SEED-DOC-POL-006-00349,1,1,- 국내외실증과성과사례를 중심으로기술력과신뢰에기반한 Medical Korea 브랜드확산을 위해온․오프홍보* 연계
PMD-DOC-POL-006-0090,DOC-POL-006,26,medium,keep_or_merge,review_required,,,,,,,,,,,,policy_action,,technology,,,,medium,현지 인수․진출 병원을 중심으로 연구개발 및 임상시험 수탁 기관(CRO) 컨소시움 구성,"ㅇ 현지 인수․진출 병원을 중심으로 연구개발 및 임상시험 수탁 기관(CRO) 컨소시움 구성, 데이터 확보 및 실증 등 국내 중소·벤처기업의 테스트베드 구축 지원",CLS-SEED-DOC-POL-006-00352,CLS-SEED-DOC-POL-006-00352,,1,0,"ㅇ 현지 인수․진출 병원을 중심으로 연구개발 및 임상시험 수탁 기관(CRO) 컨소시움 구성, 데이터 확보 및 실증 등 국내 중소·벤처기업의 테스트베드 구축 지원"
PMD-DOC-POL-006-0091,DOC-POL-006,26,medium,keep_or_merge,review_required,,,,,,,,,,,,policy_action,,technology,STR-010,,,medium,한국의 우수한 의료기술과 새롭게 성장하고 있는 AI·디지털 의료기기를 융합(패키지)하여 글로벌 진출 모...,- 한국의 우수한 의료기술과 새롭게 성장하고 있는 AI·디지털 의료기기를 융합(패키지)하여 글로벌 진출 모델 및 성과 창출 보험등재 국 내 연구개발 시험검사 사용적합성평가 허가 전 임상시험 허가·심사 (기술문서) 신의료기술 의료기술평가 보험등재 미 국 연구개발 시험검사 허가·심사 (기술문서),CLS-SEED-DOC-POL-006-00353,CLS-SEED-DOC-POL-006-00353 | CLS-SEED-DOC-POL-006-00355 | CLS-SEED-DOC-POL-006-00357,CLS-SEED-DOC-POL-006-00356 | CLS-SEED-DOC-POL-006-00358 | CLS-SEED-DOC-POL-006-00359 | CLS-SEED-DOC-POL-006-00360 | CLS-SEED-DOC-POL-006-00361,3,5,- 한국의 우수한 의료기술과 새롭게 성장하고 있는 AI·디지털 의료기기를 융합(패키지)하여 글로벌 진출 모델 및 성과 창출
PMD-DOC-POL-006-0092,DOC-POL-006,26,medium,keep_or_merge,review_required,,,,,,,,,,,,policy_action,,technology,,,,medium,현지 인수․진출 병원을 통한 해외거점 확보 및 기업진출 지원,ㅇ 현지 인수․진출 병원을 통한 해외거점 확보 및 기업진출 지원,CLS-SEED-DOC-POL-006-00363,CLS-SEED-DOC-POL-006-00363,CLS-SEED-DOC-POL-006-00365,1,1,ㅇ 현지 인수․진출 병원을 통한 해외거점 확보 및 기업진출 지원
PMD-DOC-POL-006-0093,DOC-POL-006,27,medium,keep_or_merge,review_required,,,,,,,,,,,,policy_action,,technology,STR-010,,,medium,데이터기반구축,"- (데이터기반구축) 인종과인구의다양성확보, 연구개발에 활용될 수 있는 디지털헬스 데이터* 구축및현지환경제공",CLS-SEED-DOC-POL-006-00366,CLS-SEED-DOC-POL-006-00366,CLS-SEED-DOC-POL-006-00367,1,1,"- (데이터기반구축) 인종과인구의다양성확보, 연구개발에 활용될 수 있는 디지털헬스 데이터* 구축및현지환경제공"
PMD-DOC-POL-006-0094,DOC-POL-006,27,medium,keep_or_merge,review_required,,,,,,,,,,,,policy_action,,infrastructure_policy,,,,medium,평가및임상,- (평가및임상) 해외규제요건분석및시험설계지원을 통해 현지환경의사용적합성평가및임상시험지원,CLS-SEED-DOC-POL-006-00368,CLS-SEED-DOC-POL-006-00368,CLS-SEED-DOC-POL-006-00369,1,1,- (평가및임상) 해외규제요건분석및시험설계지원을 통해 현지환경의사용적합성평가및임상시험지원
PMD-DOC-POL-006-0095,DOC-POL-006,27,medium,keep_or_merge,review_required,,,,,,,,,,,,policy_action,,,STR-010,TD-011,,medium,인허가,"- (인허가) 기술문서, 임상평가(Clinical Evaluation) 보고서 작성 및 리뷰 등 현지 전문의 활용 임상자문 서비스*",CLS-SEED-DOC-POL-006-00370,CLS-SEED-DOC-POL-006-00370,CLS-SEED-DOC-POL-006-00371,1,1,"- (인허가) 기술문서, 임상평가(Clinical Evaluation) 보고서 작성 및 리뷰 등 현지 전문의 활용 임상자문 서비스*"
PMD-DOC-POL-006-0096,DOC-POL-006,27,medium,keep_or_merge,review_required,,,,,,,,,,,,policy_action,,technology,,,,medium,마케팅·보험등재,- (마케팅·보험등재) 현지시장안착을위한초기파일럿또는1호 기관이되어제품레퍼런스축적및미국등선진국시장보험 등재에필요한네트워크·플랫폼* 구축지원,CLS-SEED-DOC-POL-006-00372,CLS-SEED-DOC-POL-006-00372,CLS-SEED-DOC-POL-006-00373,1,1,- (마케팅·보험등재) 현지시장안착을위한초기파일럿또는1호 기관이되어제품레퍼런스축적및미국등선진국시장보험 등재에필요한네트워크·플랫폼* 구축지원
PMD-DOC-POL-006-0097,DOC-POL-006,27,medium,keep_or_merge,review_required,,,,,,,,,,,,policy_action,,talent,,,,medium,교육훈련,- (교육훈련) 현지 의료진 대상 의료기기 교육훈련을 통한 제품 현지화 요구사항 도출,CLS-SEED-DOC-POL-006-00374,CLS-SEED-DOC-POL-006-00374,,1,0,- (교육훈련) 현지 의료진 대상 의료기기 교육훈련을 통한 제품 현지화 요구사항 도출
PMD-DOC-POL-006-0098,DOC-POL-006,27,medium,keep_or_merge,review_required,,,,,,,,,,,,policy_action,,infrastructure_policy,,,,medium,해외진출 규제사항 및 애로사항 해결을 위한 정책지원 사항 발굴,- 해외진출 규제사항 및 애로사항 해결을 위한 정책지원 사항 발굴,CLS-SEED-DOC-POL-006-00376,CLS-SEED-DOC-POL-006-00376,,1,0,- 해외진출 규제사항 및 애로사항 해결을 위한 정책지원 사항 발굴
PMD-DOC-POL-006-0099,DOC-POL-006,27,medium,keep_or_merge,review_required,,,,,,,,,,,,policy_action,,infrastructure_policy,STR-010,,,medium,해외거점을활용하는중소벤처기업대상모태펀드,"- 해외거점을활용하는중소벤처기업대상모태펀드, 융자, 보증, 국민성장펀드등정책금융지원체계구축 빅데이터 기반 디지털의료기기 연구개발을 통해 글로벌 수준의 기술경쟁력 확보",CLS-SEED-DOC-POL-006-00378,CLS-SEED-DOC-POL-006-00378 | CLS-SEED-DOC-POL-006-00380,,2,0,"- 해외거점을활용하는중소벤처기업대상모태펀드, 융자, 보증, 국민성장펀드등정책금융지원체계구축"
PMD-DOC-POL-006-0100,DOC-POL-006,27,low,keep_or_merge,review_required,,,,,,,,,,,,policy_action,,,STR-010,,,medium,K-디지털헬스위상강화를위한쇼케이스운영및기업홍보지원,- K-디지털헬스위상강화를위한쇼케이스운영및기업홍보지원,CLS-SEED-DOC-POL-006-00382,CLS-SEED-DOC-POL-006-00382,,1,0,- K-디지털헬스위상강화를위한쇼케이스운영및기업홍보지원
PMD-DOC-POL-006-0101,DOC-POL-006,28,low,keep_or_merge,review_required,,,,,,,,,,,,policy_action,,talent,STR-011,,,low,콘텐츠 AX 및 금융·인력 지원과 글로벌 진출 등 전방위적 지원 확대 ◇ (중장기 목표) K-콘텐츠 수...,콘텐츠 AX 및 금융·인력 지원과 글로벌 진출 등 전방위적 지원 확대 ◇ (중장기 목표) K-콘텐츠 수출 규모 : ’23년133억불→ ’30년250억불 ◇ (단계별 목표) ‘25년K콘텐츠 확산을 위한 장르별 과제 도출 → ‘26년민관 협력 사업 발굴 및 추진전략 마련 → ‘30년K-콘텐츠 수출 규모 250억불 달성,CLS-SEED-DOC-POL-006-00383,CLS-SEED-DOC-POL-006-00383,,1,0,콘텐츠 AX 및 금융·인력 지원과 글로벌 진출 등 전방위적 지원 확대 ◇ (중장기 목표) K-콘텐츠 수출 규모 : ’23년133억불→ ’30년250억불 ◇ (단계별 목표) ‘25년K콘텐츠 확산을 위한 장르별 과제 도출 → ‘26년민관 협력 사업 발굴 및 추진전략 마련 → ‘30년K-콘텐츠 수출 규모 250억불 달성
PMD-DOC-POL-006-0102,DOC-POL-006,28,medium,keep_or_merge,review_required,,,,,,,,,,,,policy_action,detected_soft_problem_but_action_overrides,infrastructure_policy,STR-011,,,medium,콘텐츠산업은상영관중심의영화산업침체,"ㅇ 콘텐츠산업은상영관중심의영화산업침체, 공연인프라부족등 K-팝수익확대의한계, 자금조달애로* 등의위기요인존재",CLS-SEED-DOC-POL-006-00386,CLS-SEED-DOC-POL-006-00386,CLS-SEED-DOC-POL-006-00387,1,1,"ㅇ 콘텐츠산업은상영관중심의영화산업침체, 공연인프라부족등 K-팝수익확대의한계, 자금조달애로* 등의위기요인존재"
PMD-DOC-POL-006-0103,DOC-POL-006,28,medium,keep_or_merge,review_required,,,,,,,,,,,,policy_action,,,STR-011,,,medium,그러나전세계적인‘케이팝데몬헌터스’의열풍* 등한국문화에 대한 관심증대와영향력확대는K-콘텐츠의글로벌성장의기회요인,ㅇ 그러나전세계적인‘케이팝데몬헌터스’의열풍* 등한국문화에 대한 관심증대와영향력확대는K-콘텐츠의글로벌성장의기회요인,CLS-SEED-DOC-POL-006-00388,CLS-SEED-DOC-POL-006-00388,CLS-SEED-DOC-POL-006-00389,1,1,ㅇ 그러나전세계적인‘케이팝데몬헌터스’의열풍* 등한국문화에 대한 관심증대와영향력확대는K-콘텐츠의글로벌성장의기회요인
PMD-DOC-POL-006-0104,DOC-POL-006,28,medium,keep_or_merge,review_required,,,,,,,,,,,,policy_action,,technology,STR-011,,,medium,콘텐츠산업의글로벌성장세속에서,"ㅇ 콘텐츠산업의글로벌성장세속에서, K-콘텐츠의내용적·기술적 경쟁력*이전세계적파급력을확보할수있도록성장지원추진",CLS-SEED-DOC-POL-006-00393,CLS-SEED-DOC-POL-006-00393,CLS-SEED-DOC-POL-006-00394,1,1,"ㅇ 콘텐츠산업의글로벌성장세속에서, K-콘텐츠의내용적·기술적 경쟁력*이전세계적파급력을확보할수있도록성장지원추진"
PMD-DOC-POL-006-0105,DOC-POL-006,29,low,keep_or_merge,review_required,,,,,,,,,,,,policy_action,detected_soft_problem_but_action_overrides,,STR-011,,,medium,최근빠르게성장한(연평균5~6%) K-콘텐츠의국내성장의 한계를극복하고,"ㅇ 최근빠르게성장한(연평균5~6%) K-콘텐츠의국내성장의 한계를극복하고, 글로벌문화로도약하기위한지원강화",CLS-SEED-DOC-POL-006-00400,CLS-SEED-DOC-POL-006-00400,,1,0,"ㅇ 최근빠르게성장한(연평균5~6%) K-콘텐츠의국내성장의 한계를극복하고, 글로벌문화로도약하기위한지원강화"
PMD-DOC-POL-006-0106,DOC-POL-006,29,medium,keep_or_merge,review_required,,,,,,,,,,,,policy_action,,technology,STR-011,,,medium,산업현장에서겪고있는급격한기술혁신과자금부족,"ㅇ 산업현장에서겪고있는급격한기술혁신과자금부족, 성장 기반부족등의애로사항을핀셋지원하여경쟁력확보",CLS-SEED-DOC-POL-006-00401,CLS-SEED-DOC-POL-006-00401,CLS-SEED-DOC-POL-006-00402,1,1,"ㅇ 산업현장에서겪고있는급격한기술혁신과자금부족, 성장 기반부족등의애로사항을핀셋지원하여경쟁력확보"
PMD-DOC-POL-006-0107,DOC-POL-006,29,low,keep_or_merge,review_required,,,,,,,,,,,,policy_action,,,STR-011,,,medium,콘텐츠 기술혁신,- (콘텐츠 기술혁신) AI 융합콘텐츠초기시장개척을위한제작 지원및기업간협력촉진및기업이즉시활용할R&D 추진,CLS-SEED-DOC-POL-006-00404,CLS-SEED-DOC-POL-006-00404,,1,0,- (콘텐츠 기술혁신) AI 융합콘텐츠초기시장개척을위한제작 지원및기업간협력촉진및기업이즉시활용할R&D 추진
PMD-DOC-POL-006-0108,DOC-POL-006,29,low,keep_or_merge,review_required,,,,,,,,,,,,policy_action,,,STR-011,,,medium,콘텐츠 자금애로,- (콘텐츠 자금애로) 글로벌경쟁이높아지는시장상황에서영세 제작사및대형제작사가모두겪고있는자금애로해소지원,CLS-SEED-DOC-POL-006-00407,CLS-SEED-DOC-POL-006-00407,,1,0,- (콘텐츠 자금애로) 글로벌경쟁이높아지는시장상황에서영세 제작사및대형제작사가모두겪고있는자금애로해소지원
PMD-DOC-POL-006-0109,DOC-POL-006,29,low,keep_or_merge,review_required,,,,,,,,,,,,policy_action,detected_need_phrase_but_action_overrides,talent,STR-011,,,medium,성장 기반,- (성장 기반) 콘텐츠산업기반이되는미래인재육성및 해외 진출활성화를위한현지비즈니스전문지원기관운영필요,CLS-SEED-DOC-POL-006-00410,CLS-SEED-DOC-POL-006-00410,,1,0,- (성장 기반) 콘텐츠산업기반이되는미래인재육성및 해외 진출활성화를위한현지비즈니스전문지원기관운영필요
PMD-DOC-POL-006-0110,DOC-POL-006,30,medium,keep_or_merge,review_required,,,,,,,,,,,,policy_action,,,STR-011,,,medium,콘텐츠 자문위원회,"- (콘텐츠 자문위원회) K-콘텐츠산업을구성하는기획, 제작, 유통, IP 확장등산업내주요기업중심생태계육성방안논의",CLS-SEED-DOC-POL-006-00414,CLS-SEED-DOC-POL-006-00414,CLS-SEED-DOC-POL-006-00415,1,1,"- (콘텐츠 자문위원회) K-콘텐츠산업을구성하는기획, 제작, 유통, IP 확장등산업내주요기업중심생태계육성방안논의"
PMD-DOC-POL-006-0111,DOC-POL-006,30,medium,keep_or_merge,review_required,,,,,,,,,,,,policy_action,,technology,STR-011,,,medium,기획·개발 → 제작 → 유통·플랫폼 → 소비·활용 → IP 확장 기획·개발 제작 유통·플랫폼 소비·활용...,"▪ 기획·개발 → 제작 → 유통·플랫폼 → 소비·활용 → IP 확장 기획·개발 제작 유통·플랫폼 소비·활용 IP 확장 수출 추진 활동 연계 확대 넷플릭스, 티빙, 웨이브, 네이버, 카카오, 유튜브 등 작가, 기획사, 제작사, 프로듀서, 개발사, 아티스트 소비자, 커뮤니티 소비재기업 등 스튜디오 등 ⇒ 글로벌 유통·플랫폼을 통해 콘텐츠 파급력이 향상됨에 따라, 콘텐츠 산업 성장 및 소비재 등 타 산업으로의 파급효과 창출",CLS-SEED-DOC-POL-006-00417,CLS-SEED-DOC-POL-006-00417 | CLS-SEED-DOC-POL-006-00428 | CLS-SEED-DOC-POL-006-00429 | CLS-SEED-DOC-POL-006-00430,,4,0,▪ 기획·개발 → 제작 → 유통·플랫폼 → 소비·활용 → IP 확장 기획·개발 제작 유통·플랫폼 소비·활용 IP 확장
PMD-DOC-POL-006-0112,DOC-POL-006,30,low,keep_or_merge,review_required,,,,,,,,,,,,policy_action,,,STR-011,,,medium,K-콘텐츠산업생태계구축을 위해연구개발,"ㅇ K-콘텐츠산업생태계구축을 위해연구개발, 제작및금융지원, 인력양성, 해외진출까지종합지원하여 글로벌경쟁력확보 문체부 과기정통부 산업부 R&D · 콘텐츠 기업 활용기술 개발 · 서비스 고도화 기술개발 · 콘텐츠-제조/서비스 융합 문체부 제작지원 · 영화, 방송영상, 게임, 음악, 웹툰 콘텐츠 다양성 확보를 위한 창·제작 지원 문체부 중기부 금융위 금융지원 · 콘텐츠기업 펀드·융자 지원 · 정책펀드 제도 개선 · 국민성장펀드 지원 문체부 인력양성 · 콘텐츠 인재 양성 문체부 해외진출 · 수출 거점 운영 및 맞춤형 지원",CLS-SEED-DOC-POL-006-00431,CLS-SEED-DOC-POL-006-00431,,1,0,"ㅇ K-콘텐츠산업생태계구축을 위해연구개발, 제작및금융지원, 인력양성, 해외진출까지종합지원하여 글로벌경쟁력확보 문체부 과기정통부 산업부 R&D · 콘텐츠 기업 활용기술 개발 · 서비스 고도화 기술개발 · 콘텐츠-제조/서비스 융합 문체부 제작지원 · 영화, 방송영상, 게임, 음악, 웹툰 콘텐츠 다양성 확보를 위한 창·제작 지원 문체부 중기부 금융위 금융지원 · 콘텐츠기업 펀드·융자 지원 · 정책펀드 제도 개선 · 국민성장펀드 지원 문체부 인력양성 · 콘텐츠 인재 양성 문체부 해외진출 · 수출 거점 운영 및 맞춤형 지원"
PMD-DOC-POL-006-0113,DOC-POL-006,31,medium,keep_or_merge,review_required,,,,,,,,,,,,policy_action,,,STR-011,,,medium,지원방안,"- (지원방안) K-콘텐츠산업육성을 위해기업이성장가능하도록 기술혁신및자금지원을강화하고, 인력등성장기반확보추진",CLS-SEED-DOC-POL-006-00432,CLS-SEED-DOC-POL-006-00432,CLS-SEED-DOC-POL-006-00436,1,1,"- (지원방안) K-콘텐츠산업육성을 위해기업이성장가능하도록 기술혁신및자금지원을강화하고, 인력등성장기반확보추진"
PMD-DOC-POL-006-0114,DOC-POL-006,31,low,keep_or_merge,review_required,,,,,,,,,,,,policy_action,,,STR-011,,,medium,문화유관기관과의협업을 통한K-콘텐츠위주B2B·B2C 지원행사개최(’26년54억원),- 문화유관기관과의협업을 통한K-콘텐츠위주B2B·B2C 지원행사개최(’26년54억원),CLS-SEED-DOC-POL-006-00437,CLS-SEED-DOC-POL-006-00437,,1,0,- 문화유관기관과의협업을 통한K-콘텐츠위주B2B·B2C 지원행사개최(’26년54억원)
PMD-DOC-POL-006-0115,DOC-POL-006,31,medium,keep_or_merge,review_required,,,,,,,,,,,,policy_action,,,STR-011,,,medium,코트라등수출지원기관과의협업체계구축및K-콘텐츠,"- 코트라등수출지원기관과의협업체계구축및K-콘텐츠, 연관산업동반해외진출지원을신설(’26년신규25억원)",CLS-SEED-DOC-POL-006-00438,CLS-SEED-DOC-POL-006-00438,CLS-SEED-DOC-POL-006-00441,1,1,"- 코트라등수출지원기관과의협업체계구축및K-콘텐츠, 연관산업동반해외진출지원을신설(’26년신규25억원)"
PMD-DOC-POL-006-0116,DOC-POL-006,31,medium,keep_or_merge,review_required,,,,,,,,,,,,policy_action,,infrastructure_policy,STR-011,,,medium,’26년부터문화산업전반(영화,"- ’26년부터문화산업전반(영화, 게임등)의대작IP 확보, AI 콘텐츠 등에투자하는‘전략펀드미래전략분야’ 조성(’26년, 500억원)",CLS-SEED-DOC-POL-006-00442,CLS-SEED-DOC-POL-006-00442,CLS-SEED-DOC-POL-006-00443,1,1,"- ’26년부터문화산업전반(영화, 게임등)의대작IP 확보, AI 콘텐츠 등에투자하는‘전략펀드미래전략분야’ 조성(’26년, 500억원)"
PMD-DOC-POL-006-0117,DOC-POL-006,32,low,keep_or_merge,review_required,,,,,,,,,,,,policy_action,,infrastructure_policy,STR-011,,,medium,➏ (세제지원) R&D 세액공제확대를위한기업부설창작연구소및 기업창작전담부서인정요건완화검토등콘텐츠공급체계...,"➏ (세제지원) R&D 세액공제확대를위한기업부설창작연구소및 기업창작전담부서인정요건완화검토등콘텐츠공급체계 활성화를위한지원방안 마련(’26.上~, 관련연구용역)",CLS-SEED-DOC-POL-006-00446,CLS-SEED-DOC-POL-006-00446,,1,0,"➏ (세제지원) R&D 세액공제확대를위한기업부설창작연구소및 기업창작전담부서인정요건완화검토등콘텐츠공급체계 활성화를위한지원방안 마련(’26.上~, 관련연구용역)"
PMD-DOC-POL-006-0118,DOC-POL-006,32,low,keep_or_merge,review_required,,,,,,,,,,,,policy_action,,,STR-011,,,medium,➐(저작권 보호) 해외진출국내콘텐츠기업‧ 개인대상맞춤형 해외저작권바우처지원확대(‘25년9억원→’26년1...,➐(저작권 보호) 해외진출국내콘텐츠기업‧ 개인대상맞춤형 해외저작권바우처지원확대(‘25년9억원→’26년18억원),CLS-SEED-DOC-POL-006-00447,CLS-SEED-DOC-POL-006-00447,,1,0,➐(저작권 보호) 해외진출국내콘텐츠기업‧ 개인대상맞춤형 해외저작권바우처지원확대(‘25년9억원→’26년18억원)
PMD-DOC-POL-006-0119,DOC-POL-006,32,medium,keep_or_merge,review_required,,,,,,,,,,,,policy_action,,,,,,medium,최근중국정부의한국게임판호발급이확대되는추세이며,"- 최근중국정부의한국게임판호발급이확대되는추세이며, 추가확대를 위해정부간협력강화(‘26년연중)",CLS-SEED-DOC-POL-006-00450,CLS-SEED-DOC-POL-006-00450,,1,0,"- 최근중국정부의한국게임판호발급이확대되는추세이며, 추가확대를 위해정부간협력강화(‘26년연중)"
PMD-DOC-POL-006-0120,DOC-POL-006,32,medium,keep_or_merge,review_required,,,,,,,,,,,,policy_action,,,,,,medium,번역·마케팅등에활용가능한수출바우처지원,"- 번역·마케팅등에활용가능한수출바우처지원, 해외게임박람회 한국공동관확대(3개소→5개소)및현지화지원신설(‘26년25억원, 신규)",CLS-SEED-DOC-POL-006-00451,CLS-SEED-DOC-POL-006-00451,,1,0,"- 번역·마케팅등에활용가능한수출바우처지원, 해외게임박람회 한국공동관확대(3개소→5개소)및현지화지원신설(‘26년25억원, 신규)"
PMD-DOC-POL-006-0121,DOC-POL-006,32,medium,keep_or_merge,review_required,,,,,,,,,,,,policy_action,,technology,,,,medium,중소·스타트업이 AI를 활용하여 창의적 아이디어로 쉽게 게임 개발에 도전하도록 AI 도구 구독비 지원...,- 중소·스타트업이 AI를 활용하여 창의적 아이디어로 쉽게 게임 개발에 도전하도록 AI 도구 구독비 지원 신설(‘26년 75억원/신규),CLS-SEED-DOC-POL-006-00453,CLS-SEED-DOC-POL-006-00453,,1,0,- 중소·스타트업이 AI를 활용하여 창의적 아이디어로 쉽게 게임 개발에 도전하도록 AI 도구 구독비 지원 신설(‘26년 75억원/신규)
PMD-DOC-POL-006-0122,DOC-POL-006,32,medium,keep_or_merge,review_required,,,,,,,,,,,,policy_action,,talent,,,,medium,게임실무인재를양성하는’게임인재원‘ AI 교과확대(연130명),- 게임실무인재를양성하는’게임인재원‘ AI 교과확대(연130명),CLS-SEED-DOC-POL-006-00454,CLS-SEED-DOC-POL-006-00454,,1,0,- 게임실무인재를양성하는’게임인재원‘ AI 교과확대(연130명)
PMD-DOC-POL-006-0123,DOC-POL-006,32,medium,keep_as_regulatory_delta,reviewed,keep_as_regulatory_delta,,,,,,,,,,sample keep regulatory delta,regulatory_delta,detected_current_to_improvement_pattern,,,,,medium,온라인게임(PC,"- 온라인게임(PC,콘솔등)은모든이용자본인인증의무로본인인증 수단없는청소년이용불편초래→전체이용가온라인게임에 대한본인인증의무폐지(게임산업법개정, ’25.2월발의→‘26년통과추진)",CLS-SEED-DOC-POL-006-00456,CLS-SEED-DOC-POL-006-00456,,1,0,"- 온라인게임(PC,콘솔등)은모든이용자본인인증의무로본인인증 수단없는청소년이용불편초래→전체이용가온라인게임에 대한본인인증의무폐지(게임산업법개정, ’25.2월발의→‘26년통과추진)"
PMD-DOC-POL-006-0124,DOC-POL-006,33,medium,keep_or_merge,review_required,,,,,,,,,,,,policy_action,,technology,,,,medium,영화국제공동제작시범사업을 통해새로운소비시장과투자원확보,- 영화국제공동제작시범사업을 통해새로운소비시장과투자원확보,CLS-SEED-DOC-POL-006-00459,CLS-SEED-DOC-POL-006-00459,,1,0,- 영화국제공동제작시범사업을 통해새로운소비시장과투자원확보
PMD-DOC-POL-006-0125,DOC-POL-006,33,medium,keep_or_merge,review_required,,,,,,,,,,,,policy_action,,technology,STR-011,,,medium,영상콘텐츠수출촉진을 위해화질개선,"- 영상콘텐츠수출촉진을 위해화질개선, 번역·더빙등콘텐츠 경쟁력강화를 통한 해외수요확대, 국내·외마켓개최및 참가지원을 통해국내제작·배급사의B2B 마케팅지원",CLS-SEED-DOC-POL-006-00460,CLS-SEED-DOC-POL-006-00460,CLS-SEED-DOC-POL-006-00461 | CLS-SEED-DOC-POL-006-00462,1,2,"- 영상콘텐츠수출촉진을 위해화질개선, 번역·더빙등콘텐츠 경쟁력강화를 통한 해외수요확대, 국내·외마켓개최및 참가지원을 통해국내제작·배급사의B2B 마케팅지원"
PMD-DOC-POL-006-0126,DOC-POL-006,33,medium,keep_or_merge,review_required,,,,,,,,,,,,policy_action,,,STR-011,,,medium,영상콘텐츠간경계가흐려지는환경변화에대응하여,"- 영상콘텐츠간경계가흐려지는환경변화에대응하여, OTT 영화를법상‘영화’에포괄하도록｢ 영화비디오법｣ 개정추진",CLS-SEED-DOC-POL-006-00467,CLS-SEED-DOC-POL-006-00467 | CLS-SEED-DOC-POL-006-00468,,2,0,"- 영상콘텐츠간경계가흐려지는환경변화에대응하여, OTT 영화를법상‘영화’에포괄하도록｢"
PMD-DOC-POL-006-0127,DOC-POL-006,33,low,keep_or_merge,review_required,,,,,,,,,,,,policy_action,,,STR-011,,,medium,「뉴미디어영상콘텐츠법」제정을 통해유튜브,"- 「뉴미디어영상콘텐츠법」제정을 통해유튜브, 숏폼, AI 영상 콘텐츠등뉴미디어콘텐츠에 대한체계적진흥근거마련",CLS-SEED-DOC-POL-006-00469,CLS-SEED-DOC-POL-006-00469,,1,0,"- 「뉴미디어영상콘텐츠법」제정을 통해유튜브, 숏폼, AI 영상 콘텐츠등뉴미디어콘텐츠에 대한체계적진흥근거마련"
PMD-DOC-POL-006-0128,DOC-POL-006,33,low,keep_or_merge,review_required,,,,,,,,,,,,policy_action,,infrastructure_policy,STR-011,,,medium,➏(세제지원) 영상콘텐츠제작비세액공제일몰기한연장(’25.12.→’28.12.),"➏(세제지원) 영상콘텐츠제작비세액공제일몰기한연장(’25.12.→’28.12.), 대기업세액공제율5%p 인상",CLS-SEED-DOC-POL-006-00471,CLS-SEED-DOC-POL-006-00471,,1,0,"➏(세제지원) 영상콘텐츠제작비세액공제일몰기한연장(’25.12.→’28.12.), 대기업세액공제율5%p 인상"
PMD-DOC-POL-006-0129,DOC-POL-006,34,medium,keep_as_regulatory_delta,reviewed,keep_as_regulatory_delta,,,,,,,,,,sample keep regulatory delta,regulatory_delta,detected_current_to_improvement_pattern,infrastructure_policy,,,,medium,현재뮤직비디오유통전방송사또는영등위의심의필요 (평균2일소요) →사업자자율규제에기반한등급분류로즉시 유통가능...,- 현재뮤직비디오유통전방송사또는영등위의심의필요 (평균2일소요) →사업자자율규제에기반한등급분류로즉시 유통가능하도록개선,CLS-SEED-DOC-POL-006-00477,CLS-SEED-DOC-POL-006-00477,CLS-SEED-DOC-POL-006-00478,1,1,- 현재뮤직비디오유통전방송사또는영등위의심의필요 (평균2일소요) →사업자자율규제에기반한등급분류로즉시 유통가능하도록개선
PMD-DOC-POL-006-0130,DOC-POL-006,34,medium,keep_or_merge,review_required,,,,,,,,,,,,policy_action,,,,,,medium,슈퍼IP 제작,- (슈퍼IP 제작) 글로벌슈퍼IP(2차사업화포함연간100억원 이상매출) 발굴을위한제작지원확대(’25년45억원→’26년51억원),CLS-SEED-DOC-POL-006-00481,CLS-SEED-DOC-POL-006-00481,,1,0,- (슈퍼IP 제작) 글로벌슈퍼IP(2차사업화포함연간100억원 이상매출) 발굴을위한제작지원확대(’25년45억원→’26년51억원)
PMD-DOC-POL-006-0131,DOC-POL-006,34,medium,keep_or_merge,review_required,,,,,,,,,,,,policy_action,,,,,,medium,번역지원,"- (번역지원) 우수만화·웹툰의다국어번역·감수, 비즈니스용샘플 제작등을지원하여해외독자유입및2차저작물확장도모",CLS-SEED-DOC-POL-006-00482,CLS-SEED-DOC-POL-006-00482,CLS-SEED-DOC-POL-006-00483,1,1,"- (번역지원) 우수만화·웹툰의다국어번역·감수, 비즈니스용샘플 제작등을지원하여해외독자유입및2차저작물확장도모"
PMD-DOC-POL-006-0132,DOC-POL-006,34,low,keep_or_merge,review_required,,,,,,,,,,,,policy_action,,,STR-011,,,medium,현지화콘텐츠발굴지원,"- (현지화콘텐츠발굴지원) 웹툰장르의글로벌확산을위한현지 공모전개최, 현지작가와의협업작품제작등지원(’26년20억원)",CLS-SEED-DOC-POL-006-00484,CLS-SEED-DOC-POL-006-00484,,1,0,"- (현지화콘텐츠발굴지원) 웹툰장르의글로벌확산을위한현지 공모전개최, 현지작가와의협업작품제작등지원(’26년20억원)"
PMD-DOC-POL-006-0133,DOC-POL-006,35,medium,keep_or_merge,review_required,,,,,,,,,,,,policy_action,,talent,,,,medium,웹툰창작교육,"- (웹툰창작교육) 웹툰관련학과개설대학등과연계, 소수 정예창작인력양성교육지원(’26년20명, 9억원)",CLS-SEED-DOC-POL-006-00486,CLS-SEED-DOC-POL-006-00486,,1,0,"- (웹툰창작교육) 웹툰관련학과개설대학등과연계, 소수 정예창작인력양성교육지원(’26년20명, 9억원)"
PMD-DOC-POL-006-0134,DOC-POL-006,35,medium,keep_or_merge,review_required,,,,,,,,,,,,policy_action,,talent,,,,medium,PD 양성,"- (PD 양성) 예비·현직PD 대상비즈니스역량강화교육을 통한산업인력양성(’26년50명, 8억원)",CLS-SEED-DOC-POL-006-00487,CLS-SEED-DOC-POL-006-00487,,1,0,"- (PD 양성) 예비·현직PD 대상비즈니스역량강화교육을 통한산업인력양성(’26년50명, 8억원)"
PMD-DOC-POL-006-0135,DOC-POL-006,35,medium,keep_or_merge,review_required,,,,,,,,,,,,policy_action,,talent,,,,medium,지역기반인력,"- (지역기반인력) 기조성한지역웹툰캠퍼스연계, 지역별 웹툰작가양성교육과정운영등지원(’26년6개지역, 12억원)",CLS-SEED-DOC-POL-006-00488,CLS-SEED-DOC-POL-006-00488,,1,0,"- (지역기반인력) 기조성한지역웹툰캠퍼스연계, 지역별 웹툰작가양성교육과정운영등지원(’26년6개지역, 12억원)"
PMD-DOC-POL-006-0136,DOC-POL-006,35,medium,keep_or_merge,review_required,,,,,,,,,,,,policy_action,,,,,,medium,’26년부터웹툰제작비용에대해대·중견기업은10%,"- ’26년부터웹툰제작비용에대해대·중견기업은10%, 중소 기업은15%를소득세또는법인세에서공제",CLS-SEED-DOC-POL-006-00490,CLS-SEED-DOC-POL-006-00490,CLS-SEED-DOC-POL-006-00493,1,1,"- ’26년부터웹툰제작비용에대해대·중견기업은10%, 중소 기업은15%를소득세또는법인세에서공제"
PMD-DOC-POL-006-0137,DOC-POL-006,35,medium,keep_or_merge,review_required,,,,,,,,,,,,policy_action,detected_soft_problem_but_action_overrides,,,,,medium,기업규모에따른운용제한없이문화산업전범위에투자자금 공급하고,"- 기업규모에따른운용제한없이문화산업전범위에투자자금 공급하고, 특화·수출·예술산업보증등문화산업보증공급다변화",CLS-SEED-DOC-POL-006-00496,CLS-SEED-DOC-POL-006-00496,,1,0,"- 기업규모에따른운용제한없이문화산업전범위에투자자금 공급하고, 특화·수출·예술산업보증등문화산업보증공급다변화"
