classification_seed_id,source_object_type,source_object_id,document_id,page_no,page_block_order,block_type,policy_item_candidate,suggested_resource_type,resource_type_keyword_hits,resource_type_confidence,primary_strategy_id,primary_strategy_label,secondary_strategy_ids,strategy_confidence,tech_domain_id,tech_domain_label,tech_subdomain_id,tech_subdomain_label,tech_domain_confidence,review_status,auto_suggestion_notes,reviewer_notes,text
CLS-SEED-DOC-POL-009-00001,paragraph_unit,PAR-DOC-POL-009-00001,DOC-POL-009,section2,1,heading,no,,,low,,,,,,,,,,review_required,auto_filtered=front_matter,,Ⅰ. 의결주문
CLS-SEED-DOC-POL-009-00002,paragraph_unit,PAR-DOC-POL-009-00002,DOC-POL-009,section2,2,bullet,yes,,,low,,,,,,,,,,review_required,,,ㅇ ｢기초연구 생태계 육성 방안(안)｣을 별지와 같이 의결함
CLS-SEED-DOC-POL-009-00003,paragraph_unit,PAR-DOC-POL-009-00003,DOC-POL-009,section2,3,heading,no,,,low,,,,,,,,,,review_required,auto_filtered=front_matter,,Ⅱ. 제안이유
CLS-SEED-DOC-POL-009-00004,paragraph_unit,PAR-DOC-POL-009-00004,DOC-POL-009,section2,4,bullet,yes,,,low,,,,,,,,,,review_required,,,"ㅇ 기초연구 지원 40주년을 앞두고, 위축된 연구생태계를 되살리고 세계적인 성과를 창출하는 연구생태계로 한 단계 도약하기 위한 ｢기초연구 생태계 육성 방안(안)｣을 수립․추진하고자 함"
CLS-SEED-DOC-POL-009-00005,paragraph_unit,PAR-DOC-POL-009-00005,DOC-POL-009,section2,5,heading,no,,,low,,,,,,,,,,review_required,auto_filtered=front_matter,,Ⅲ. 주요 내용
CLS-SEED-DOC-POL-009-00006,paragraph_unit,PAR-DOC-POL-009-00006,DOC-POL-009,section2,6,bullet,review,,,low,,,,,,,,,,review_required,,,□ 추진 배경
CLS-SEED-DOC-POL-009-00007,paragraph_unit,PAR-DOC-POL-009-00007,DOC-POL-009,section2,7,bullet,yes,infrastructure_policy,예산,medium,,,,,,,,,,review_required,,,"ㅇ 기초연구 생태계의 양적 성장에도 불구, 투자 대비 질적 성과는 감소하고 있으며, R&D 예산삭감으로 생태계의 위축도 겪은 상황"
CLS-SEED-DOC-POL-009-00008,paragraph_unit,PAR-DOC-POL-009-00008,DOC-POL-009,section2,8,bullet,yes,,,low,,,,,,,,,,review_required,,,"- 연구역량의 장기간 축적으로 연구생산성이 향상되고, 세계적 성과가 창출될 수 있도록 생태계 복원을 넘어 한 단계 도약을 모색할 시점"
CLS-SEED-DOC-POL-009-00009,paragraph_unit,PAR-DOC-POL-009-00009,DOC-POL-009,section2,9,bullet,no,,,low,,,,,,,,,,review_required,auto_filtered=front_matter,,□ 기초연구 현황 진단
CLS-SEED-DOC-POL-009-00010,paragraph_unit,PAR-DOC-POL-009-00010,DOC-POL-009,section2,10,bullet,yes,talent,양성,medium,,,,,,,,,,review_required,,,"ㅇ (수혜율) 기초연구 투자가 지속 증가하였음에도 과제 수 감소 등으로 인해 교원 수혜율 감소*, 이는 기초연구 저변과 다양성 축소로 연결"
CLS-SEED-DOC-POL-009-00011,paragraph_unit,PAR-DOC-POL-009-00011,DOC-POL-009,section2,11,note,review,,,low,,,,,,,,,,review_required,,,"* 전체 수혜율은 ‘24년, 20% 밑으로 하락 / 신진 교원 수혜율도 ’23년 급격히 하락"
CLS-SEED-DOC-POL-009-00012,paragraph_unit,PAR-DOC-POL-009-00012,DOC-POL-009,section2,12,bullet,yes,,,low,,,,,,,,,,review_required,,,"ㅇ (학술성과) 상위 10%/1% 논문 등 우수 학술성과는 양적으로 지속 증가하고 있으나, 투자 금액당 실적은 하락하여 연구생산성 정체 중"
CLS-SEED-DOC-POL-009-00013,paragraph_unit,PAR-DOC-POL-009-00013,DOC-POL-009,section2,13,bullet,yes,talent,인력|연구자,high,,,,,,,,,,review_required,,,"ㅇ (우수인력) 세계 최고 권위의 학술상(노벨상, 울프상 등) 수상자 부재, 상위 1% 연구자(HCR) 등 최우수 석학은 선진국(日·英·獨) 대비 부족*"
CLS-SEED-DOC-POL-009-00014,paragraph_unit,PAR-DOC-POL-009-00014,DOC-POL-009,section2,14,note,review,,,low,,,,,,,,,,review_required,,,"* HCR(명, ‘25년): [中] 1,406(19.7%), [英] 570(8.0%), [加] 227(3.2%), [日] 88(1.2%), [韓] 76(1.1%)"
CLS-SEED-DOC-POL-009-00015,paragraph_unit,PAR-DOC-POL-009-00015,DOC-POL-009,section2,15,bullet,yes,,,low,,,,,,,,,,review_required,,,"ㅇ (우수기관) Nature Index Top 200에 포함된 국내 연구기관 수 5개로 감소 추세이고, 국내 상위 10개 기관의 글로벌 경쟁력도 정체*"
CLS-SEED-DOC-POL-009-00016,paragraph_unit,PAR-DOC-POL-009-00016,DOC-POL-009,section2,16,note,review,,,low,,,,,,,,,,review_required,,,* 국내 상위 10개 기관 Nature Index 평균 순위: ‘22) 190 → ’23) 204 → ‘25) 205
CLS-SEED-DOC-POL-009-00017,paragraph_unit,PAR-DOC-POL-009-00017,DOC-POL-009,section2,17,bullet,no,,,low,,,,,,,,,,review_required,auto_filtered=front_matter,,□ 문제점 분석 및 시사점
CLS-SEED-DOC-POL-009-00018,paragraph_unit,PAR-DOC-POL-009-00018,DOC-POL-009,section2,18,bullet,yes,,,low,,,,,,,,,,review_required,,,"ㅇ (투자) 생애기본연구 폐지 등 지원과제 수 축소, 단기 지원* 등으로 기초연구 투자의 주요 가치(안정성·지속성·예측가능성)가 훼손"
CLS-SEED-DOC-POL-009-00019,paragraph_unit,PAR-DOC-POL-009-00019,DOC-POL-009,section2,19,note,review,,,low,,,,,,,,,,review_required,,,"* 개인기초 연구 기간별 과제 비중(%, ’24년): [3년 이하] 49, [4~5년] 50, [5년 초과] 1"
CLS-SEED-DOC-POL-009-00020,paragraph_unit,PAR-DOC-POL-009-00020,DOC-POL-009,section2,20,bullet,yes,,,low,,,,,,,,,,review_required,,,⇨ 기초연구 본연의 목적과 특성에 부합하는 투자시스템 구축
CLS-SEED-DOC-POL-009-00021,paragraph_unit,PAR-DOC-POL-009-00021,DOC-POL-009,section2,21,bullet,yes,talent,연구자,medium,,,,,,,,,,review_required,,,"ㅇ (연구자) 연구생산성이 높은 청년·리더 연구자들의 지속적인 성장을 지원하는 체계가 부족, 학문별 특성을 고려하지 않는 일률적 지원"
CLS-SEED-DOC-POL-009-00022,paragraph_unit,PAR-DOC-POL-009-00022,DOC-POL-009,section2,22,note,review,,,low,,,,,,,,,,review_required,,,"※ 연구비 10억 원당 NSP 저널 논문실적(‘23년): (리더) 0.18, (중견) 0.04, (신진) 0.04"
CLS-SEED-DOC-POL-009-00023,paragraph_unit,PAR-DOC-POL-009-00023,DOC-POL-009,section2,23,bullet,yes,,,low,,,,,,,,,,review_required,,,⇨ 우수 학술성과를 창출토록 연구자 맞춤형 지원체계 확충
CLS-SEED-DOC-POL-009-00024,paragraph_unit,PAR-DOC-POL-009-00024,DOC-POL-009,section2,24,bullet,yes,,,low,,,,,,,,,,review_required,,,"ㅇ (연구기관) 글로벌 TOP 수준의 대학 등 기초연구 기관이 부재하며, 개인을 넘어 대학 단위 역량 제고를 위한 지원 미흡"
CLS-SEED-DOC-POL-009-00025,paragraph_unit,PAR-DOC-POL-009-00025,DOC-POL-009,section2,25,bullet,yes,,,low,,,,,,,,,,review_required,,,⇨ 세계 유수 연구기관과 경쟁할 수 있는 기초연구 기관 육성
CLS-SEED-DOC-POL-009-00026,paragraph_unit,PAR-DOC-POL-009-00026,DOC-POL-009,section2,26,bullet,yes,talent,연구자,medium,,,,,,,,,,review_required,,,"ㅇ (기반) 연구자들이 연구 外 업무에 대한 부담이 크고, 기반 시스템 미비로 혁신·도전적 연구에 몰입하기 어려운 실정"
CLS-SEED-DOC-POL-009-00027,paragraph_unit,PAR-DOC-POL-009-00027,DOC-POL-009,section2,27,note,review,talent,인력|연구자,high,,,,,,,,,,review_required,,,"※ 연구자 1인당 연구지원인력 비중(’23년): (韓) 0.25, (日) 0.33, (獨) 0.62, (佛) 0.44"
CLS-SEED-DOC-POL-009-00028,paragraph_unit,PAR-DOC-POL-009-00028,DOC-POL-009,section2,28,bullet,yes,talent,연구자,medium,,,,,,,,,,review_required,,,⇨ 연구자가 창의성을 펼치고 연구에 몰입할 수 있는 제반 환경 조성
CLS-SEED-DOC-POL-009-00029,paragraph_unit,PAR-DOC-POL-009-00029,DOC-POL-009,section2,29,bullet,no,,,low,,,,,,,,,,review_required,auto_filtered=front_matter,,□ 비전 및 목표
CLS-SEED-DOC-POL-009-00030,paragraph_unit,PAR-DOC-POL-009-00030,DOC-POL-009,section2,30,bullet,review,,,low,,,,,,,,,,review_required,,,□ 주요 추진과제
CLS-SEED-DOC-POL-009-00031,paragraph_unit,PAR-DOC-POL-009-00031,DOC-POL-009,section2,31,bullet,yes,talent,양성|연구자,high,,,,,TD-005,소재,,,high,review_required,tech_score=11,,"ㅇ (다양성·안전망) 소규모 장기(최대 5년) ‘기본연구’를 복원하고, ➀생애 첫 수행, ➁경력 단절, ➂지방 소재 연구자를 우대하여 연구 저변 확대"
CLS-SEED-DOC-POL-009-00032,paragraph_unit,PAR-DOC-POL-009-00032,DOC-POL-009,section2,32,note,review,talent,교육,medium,,,,,,,,,,review_required,,,"※ ‘26년 지원규모: 과기정통부(2,000개/1,150억, 전임), 교육부(790개/239억, 비전임)"
CLS-SEED-DOC-POL-009-00033,paragraph_unit,PAR-DOC-POL-009-00033,DOC-POL-009,section2,33,bullet,yes,,,low,,,,,,,,,,review_required,,,"ㅇ (장기·연속성) 후속연구 연계 강화(연구비 확대 + 최대 2회 지원*), 한우물파기 연구 확대 등 10년 이상 장기연구를 촉진하여 연구 연속성 제고"
CLS-SEED-DOC-POL-009-00034,paragraph_unit,PAR-DOC-POL-009-00034,DOC-POL-009,section2,34,note,review,,,low,,,,,,,,,,review_required,,,"* 후속연구 2회 수혜 시, 최대 11년(5+3+3년) 동안 안정적 연구 수행 가능"
CLS-SEED-DOC-POL-009-00035,paragraph_unit,PAR-DOC-POL-009-00035,DOC-POL-009,section2,35,bullet,yes,technology,확보,medium,,,,,,,,,,review_required,,,"ㅇ (안정성) 기초연구 사업을 ’수혜율‘ 중심으로 관리하고, 2030년까지 전체 교원 수혜율 30%, 전임 교원 50%, 신진 교원 70% 확보"
CLS-SEED-DOC-POL-009-00036,paragraph_unit,PAR-DOC-POL-009-00036,DOC-POL-009,section2,36,note,review,,,low,,,,,,,,,,review_required,,,"※ 現 수혜율: 전체 교원(’24년, 19.3%), 전임 교원(’24년, 28.3%), 신진 교원(’23년, 64.3%)"
CLS-SEED-DOC-POL-009-00037,paragraph_unit,PAR-DOC-POL-009-00037,DOC-POL-009,section2,37,bullet,yes,,,low,,,,,,,,,,review_required,,,- 정부R&D 투자의 일정 비율 이상(예. 10% 이상)을 기초연구에 투자하는 노력을 의무화하는 등 ｢기초연구진흥법｣ 개정 추진
CLS-SEED-DOC-POL-009-00038,paragraph_unit,PAR-DOC-POL-009-00038,DOC-POL-009,section2,38,bullet,yes,talent,연구자,medium,,,,,,,,,,review_required,,,"ㅇ (청년) 포닥, 초기 교원 등 젊은 연구자가 역량을 마음껏 펼치도록 5년간 10,000명 규모로 지원을 확대하고, 안정적 고용*도 지원"
CLS-SEED-DOC-POL-009-00039,paragraph_unit,PAR-DOC-POL-009-00039,DOC-POL-009,section2,39,note,review,,,low,,,,,,,,,,review_required,,,"* 집단연구에서 박사후연구원 참여 규모, 전임연구원 전환 등을 평가 요소로 반영"
CLS-SEED-DOC-POL-009-00040,paragraph_unit,PAR-DOC-POL-009-00040,DOC-POL-009,section2,40,bullet,yes,talent,연구자,medium,,,,,,,,,,review_required,,,"ㅇ (리더) 최우수 연구자가 세계 최고 연구자(노벨상급)로 성장할 수 있도록 ｢Top-Tier 리더연구*｣ 신설, 글로벌 파트너십 구축** 및 브랜드化 지원"
CLS-SEED-DOC-POL-009-00041,paragraph_unit,PAR-DOC-POL-009-00041,DOC-POL-009,section2,41,note,review,talent,연구자,medium,,,,,,,,,,review_required,,,"* 연 16억 원/총 9년 지원, 리더연구 수행 경험이 있거나 수행 중인 연구자 대상"
CLS-SEED-DOC-POL-009-00042,paragraph_unit,PAR-DOC-POL-009-00042,DOC-POL-009,section2,42,note,review,talent,연구자,medium,,,,,,,,,,review_required,,,** 미국·영국·스웨덴 주요 학술기관과 공동 포럼 등 개최 시 리더연구자 참여 활성화 등
CLS-SEED-DOC-POL-009-00043,paragraph_unit,PAR-DOC-POL-009-00043,DOC-POL-009,section2,43,bullet,yes,,,low,,,,,,,,,,review_required,,,"- IBS 단장의 책무 강화, ’리더연구자 협의체’ 발족 등을 통해 최우수 석학들의 역량을 국가·사회에 환원하는 Out-Reach 프로그램 운영"
CLS-SEED-DOC-POL-009-00044,paragraph_unit,PAR-DOC-POL-009-00044,DOC-POL-009,section2,44,note,review,talent,인재|양성,high,,,,,,,,,,review_required,,,"※ 과학문화 활성화(대중 강연 등), 이공계 인재 양성(멘토링 등), 정책 기여 등"
CLS-SEED-DOC-POL-009-00045,paragraph_unit,PAR-DOC-POL-009-00045,DOC-POL-009,section2,45,bullet,yes,,,low,,,,,,,,,,review_required,,,"ㅇ (학문 분야) 학문 분야별 특성·자율성을 반영한 분야별 지원체계로 점진적 전환*하고, 新 학문 분야에 선제적 대응토록 개척연구 고도화"
CLS-SEED-DOC-POL-009-00046,paragraph_unit,PAR-DOC-POL-009-00046,DOC-POL-009,section2,46,note,review,,,low,,,,,,,,,,review_required,,,* (’27) 특정 분야 시범 도입(예. 수학) → (‘28) 기초과학 분야 적용 → (‘30) 全 분야 적용
CLS-SEED-DOC-POL-009-00047,paragraph_unit,PAR-DOC-POL-009-00047,DOC-POL-009,section2,47,bullet,yes,,,low,,,,,,,,,,review_required,,,ㅇ (연구중심대학) 대학이 자율적으로 연구기반에 투자하여 연구경쟁력을 향상할 수 있도록 ｢성과 기반 블록펀딩｣ 도입
CLS-SEED-DOC-POL-009-00048,paragraph_unit,PAR-DOC-POL-009-00048,DOC-POL-009,section2,48,bullet,yes,,,low,,,,,,,,,,review_required,,,"- 선도연구센터의 자립화 등 발전 방안을 마련하고, 지방 대학 부설 연구소의 글로벌 경쟁력 확보를 위해 NRL2.0 내 지역 트랙 신설*"
CLS-SEED-DOC-POL-009-00049,paragraph_unit,PAR-DOC-POL-009-00049,DOC-POL-009,section2,49,note,review,infrastructure_policy,예산,medium,,,,,,,,,,review_required,,,"* 전체 예산의 50%를 지역 트랙에 할당하고, 권역별 국가연구소(지역상생) 지정 추진"
CLS-SEED-DOC-POL-009-00050,paragraph_unit,PAR-DOC-POL-009-00050,DOC-POL-009,section2,50,bullet,yes,,,low,,,,,,,,,,review_required,,,"ㅇ (IBS) 해외 Branch 설립, 연구팀 패키지 유입 등 글로벌 석학 유치·활용의 허브로써 기초과학연구원(IBS)의 기능 강화"
CLS-SEED-DOC-POL-009-00051,paragraph_unit,PAR-DOC-POL-009-00051,DOC-POL-009,section2,51,bullet,yes,infrastructure_policy,펀드|협의체,high,,,,,,,,,,review_required,,,"ㅇ (민간) 산·학·연·정 협의체를 구성하여 민-관 매칭펀드 조성, 대학 내 기업계약연구소 설치 등 민간기업의 기초연구 투자·역할 확대"
CLS-SEED-DOC-POL-009-00052,paragraph_unit,PAR-DOC-POL-009-00052,DOC-POL-009,section2,52,bullet,yes,talent,인력|양성|교육,high,,,,,,,,,,review_required,,,"ㅇ (AI 활용) 대학의 강점 분야에 맞춰 ｢기초연구AI 센터｣를 구축(총 40개), 교육·연구를 통합 지원하여 기초연구-AI 융합 연구인력 양성(총 2,000명)"
CLS-SEED-DOC-POL-009-00053,paragraph_unit,PAR-DOC-POL-009-00053,DOC-POL-009,section2,53,note,review,,,low,,,,,TD-001,인공지능,TSD-001-001,AI 한계극복·성능향상,medium,review_required,tech_score=6; subdomain=TSD-001-001,,※ 원활한 AI 활용을 위해 대학 연구자들을 위한 전용 인프라 구축(GPU 300장 등)
CLS-SEED-DOC-POL-009-00054,paragraph_unit,PAR-DOC-POL-009-00054,DOC-POL-009,section2,54,bullet,yes,,,low,,,,,,,,,,review_required,,,"ㅇ (데이터 기반 정책) 연구트렌드 분석, 국가별 역량 비교 등 기초연구 정책 방향을 제시하는 AI·데이터 기반 ｢기초연구 네비게이션 시스템｣ 구축"
CLS-SEED-DOC-POL-009-00055,paragraph_unit,PAR-DOC-POL-009-00055,DOC-POL-009,section2,55,bullet,yes,talent,인력,medium,,,,,,,,,,review_required,,,"ㅇ (연구지원인력) 연구 몰입환경을 위해 연구지원인력의 전문화, 활용 촉진"
CLS-SEED-DOC-POL-009-00056,paragraph_unit,PAR-DOC-POL-009-00056,DOC-POL-009,section2,56,note,review,,,low,,,,,,,,,,review_required,,,"* 직무 표준화 및 경력단계별 역량개발 체계 마련, 교육 프로그램 개발·확산 등"
CLS-SEED-DOC-POL-009-00057,paragraph_unit,PAR-DOC-POL-009-00057,DOC-POL-009,section2,57,bullet,yes,,,low,,,,,,,,,,review_required,,,"ㅇ (평가 혁신) 단계평가 폐지, 선정평가 간소화, AI 기술 도입*을 통해 평가자 - 피평가자의 행정부담을 경감하고 평가의 신뢰성 제고"
CLS-SEED-DOC-POL-009-00058,paragraph_unit,PAR-DOC-POL-009-00058,DOC-POL-009,section2,58,note,review,talent,연구자,medium,,,,,,,,,,review_required,,,* (예) 연구자 업적 평가에 AI를 활용함으로써 소규모 과제(예. 기본연구)의 평가 효율화
CLS-SEED-DOC-POL-009-00059,paragraph_unit,PAR-DOC-POL-009-00059,DOC-POL-009,section2,59,heading,no,,,low,,,,,,,,,,review_required,auto_filtered=front_matter,,Ⅳ. 향후 계획
CLS-SEED-DOC-POL-009-00060,paragraph_unit,PAR-DOC-POL-009-00060,DOC-POL-009,section2,60,bullet,yes,,,low,,,,,,,,,,review_required,,,ㅇ 리더연구자 협의체 발족 및 운영방안(안) 마련: ~ ‘26년.上
CLS-SEED-DOC-POL-009-00061,paragraph_unit,PAR-DOC-POL-009-00061,DOC-POL-009,section2,61,bullet,yes,,,low,,,,,,,,,,review_required,,,ㅇ 대학 연구기반 지원 블록펀딩 세부 추진계획(안) 마련: ~ ’26년
CLS-SEED-DOC-POL-009-00062,paragraph_unit,PAR-DOC-POL-009-00062,DOC-POL-009,section7,1,bullet,yes,talent,양성,medium,,,,,,,,,,review_required,,,ㅇ ‘86년 시작된 기초연구 사업은 40년이 지난 오늘날 이공계 분야학문적 다양성을 촉진하는 R&D 사업의 상징으로 자리매김
CLS-SEED-DOC-POL-009-00063,paragraph_unit,PAR-DOC-POL-009-00063,DOC-POL-009,section7,2,note,review,,,low,,,,,,,,,,review_required,,,※ (’90) 우수연구센터(SRC·ERC) 추진 → (‘97) 창의연구 추진 → (‘08) 풀뿌리 기초연구 강화 → (’10) 기초과학연구원(IBS) 설립 → (’17) 연구자 주도 기초연구사업 규모 확대 등
CLS-SEED-DOC-POL-009-00064,paragraph_unit,PAR-DOC-POL-009-00064,DOC-POL-009,section7,3,bullet,yes,talent,연구자,medium,,,,,,,,,,review_required,,,- 기초연구 사업을 통해 이공계 연구자 규모 등 연구생태계의 저변이 확대되었고 우수논문 수 등 학술성과도 지속 증가
CLS-SEED-DOC-POL-009-00065,paragraph_unit,PAR-DOC-POL-009-00065,DOC-POL-009,section7,4,bullet,yes,infrastructure_policy,예산,medium,,,,,,,,,,review_required,,,"ㅇ 하지만 최근, R&D 예산삭감 및 수월성 중시 기조에 따라 기초연구 과제 수가 대폭 축소*되고 생애기본연구 사업이 폐지"
CLS-SEED-DOC-POL-009-00066,paragraph_unit,PAR-DOC-POL-009-00066,DOC-POL-009,section7,5,note,review,,,low,,,,,,,,,,review_required,,,"* 개인기초연구 과제 수(개): ‘23) 14,912 → ’24) 13,080 → ’25) 11,829"
CLS-SEED-DOC-POL-009-00067,paragraph_unit,PAR-DOC-POL-009-00067,DOC-POL-009,section7,6,bullet,yes,talent,양성,medium,,,,,,,,,,review_required,,,- 이는 학문의 다양성을 저해하고 연구의 안정성과 예측 가능성을 훼손하는 등 기초연구 생태계에 위기를 초래
CLS-SEED-DOC-POL-009-00068,paragraph_unit,PAR-DOC-POL-009-00068,DOC-POL-009,section7,7,bullet,yes,,,low,,,,,,,,,,review_required,,,"ㅇ 기초연구의 양적 성장에 반해, 투자 대비 질적 성과*는 정체되어 있으며, 노벨과학상 등과 같이 패러다임을 바꿀만한 성과도 부족"
CLS-SEED-DOC-POL-009-00069,paragraph_unit,PAR-DOC-POL-009-00069,DOC-POL-009,section7,8,note,review,talent,연구자,medium,,,,,,,,,,review_required,,,"* 상위 10% 논문 수, 피인용 상위 1% 연구자(HCR), Nature Index TOP 연구기관 등"
CLS-SEED-DOC-POL-009-00070,paragraph_unit,PAR-DOC-POL-009-00070,DOC-POL-009,section7,9,bullet,yes,technology,확보,medium,,,,,,,,,,review_required,,,"ㅇ 현재, ’교원–대학원생‘으로 구성된 우리나라 기초연구 생태계는 연구의 단절을 가져오기 쉬워 연구생산성을 확보하는데 한계에 봉착"
CLS-SEED-DOC-POL-009-00071,paragraph_unit,PAR-DOC-POL-009-00071,DOC-POL-009,section7,10,note,review,talent,인재,medium,,,,,,,,,,review_required,,,"※ 이공계 교원의 고령화 추세, 학령인구 감소 및 우수 인재의 해외 유출 등"
CLS-SEED-DOC-POL-009-00072,paragraph_unit,PAR-DOC-POL-009-00072,DOC-POL-009,section7,11,bullet,yes,,,low,,,,,,,,,,review_required,,,- 연구역량이 장기간 축적되어 결실을 맺을 수 있는 안정적 연구기반에 대한 본격적 투자를 통해 생태계 전반의 체질 개선을 촉발할 필요
CLS-SEED-DOC-POL-009-00073,paragraph_unit,PAR-DOC-POL-009-00073,DOC-POL-009,section7,12,bullet,yes,infrastructure_policy,예산,medium,,,,,,,,,,review_required,,,"ㅇ (투자) 기초연구 예산은 지속 확대(’20-‘25, 연평균 7.9% 증가)되었고, 정부 R&D 투자 대비 기초연구 비중은 9% 내외 수준으로 유지 중"
CLS-SEED-DOC-POL-009-00074,paragraph_unit,PAR-DOC-POL-009-00074,DOC-POL-009,section7,13,note,review,,,low,,,,,,,,,,review_required,,,※ (참고) 우리나라의 기초연구 투자 규모는 2020년대에 들어서면서 일본을 넘어서는 추세
CLS-SEED-DOC-POL-009-00075,paragraph_unit,PAR-DOC-POL-009-00075,DOC-POL-009,section7,14,bullet,yes,infrastructure_policy,예산,medium,,,,,,,,,,review_required,,,"ㅇ (지원과제 수) 기초연구 예산 증가에도 불구, 수월성 강조에 따른 과제당 연구비 상향으로 전체 지원과제 수는 ’22년부터 축소 추세로 전환"
CLS-SEED-DOC-POL-009-00076,paragraph_unit,PAR-DOC-POL-009-00076,DOC-POL-009,section7,15,bullet,yes,talent,인력,medium,,,,,,,,,,review_required,,,"ㅇ (인력) 대학 전임 교원은 안정적으로 유지되고 있으나, 비전임 교원의 급격한 증가(’20-‘25, 연평균 4.5% ↑)로 대학의 연구인력은 지속 증가"
CLS-SEED-DOC-POL-009-00077,paragraph_unit,PAR-DOC-POL-009-00077,DOC-POL-009,section7,16,note,review,talent,교육,medium,,,,,,,,,,review_required,,,"* [출처] (전임) 대학연구활동실태조사 분석보고서(’24-‘25년 수치는 추정치), (비전임) 교육통계서비스"
CLS-SEED-DOC-POL-009-00078,paragraph_unit,PAR-DOC-POL-009-00078,DOC-POL-009,section7,17,bullet,yes,,,low,,,,,,,,,,review_required,,,"ㅇ (수혜율) 전체 교원 수혜율은 ’24년 기준 20% 밑으로 떨어졌고, 전임 교원 수혜율 또한 고점 대비 10%p 가량 하락"
CLS-SEED-DOC-POL-009-00079,paragraph_unit,PAR-DOC-POL-009-00079,DOC-POL-009,section7,18,bullet,no,,,low,,,,,,,,,,review_required,auto_filtered=front_matter,,"- 39세 이하 신진 교원 수혜율도 ‘23년 급격히 하락, 60% 중반대를 기록"
CLS-SEED-DOC-POL-009-00080,paragraph_unit,PAR-DOC-POL-009-00080,DOC-POL-009,section7,19,note,review,,,low,,,,,,,,,,review_required,,,* ’24년 이공 분야 전임교원 수는 ‘21~’23년 추세를 반영한 추정치로 계산
CLS-SEED-DOC-POL-009-00081,paragraph_unit,PAR-DOC-POL-009-00081,DOC-POL-009,section7,20,bullet,yes,,,low,,,,,,,,,,review_required,,,"ㅇ (학술성과) 기초연구 사업을 통한 우수 논문 수(상위 10%, 피인용 1% 등)는 지속 증가하고 있으나, 투자금액 대비 논문 수는 감소하는 추세"
CLS-SEED-DOC-POL-009-00082,paragraph_unit,PAR-DOC-POL-009-00082,DOC-POL-009,section7,21,note,review,,,low,,,,,,,,,,review_required,,,"* JCR 상위 10% 저널: Clarivate社가 특정 분야별로 Impact Factor를 기준으로 순위를 매긴 상위 10% 저널 (’23년 Clarivate JCR 정책이 변경됨에 따라, AHCI, ESCI 저널이 추가로 포함되어 분야 내 학술지 모수가 확대되어 SCIE 학술지의 순위가 대체로 상승하는 효과 발생 ☞ ‘23년 수치는 제외하고 분석)"
CLS-SEED-DOC-POL-009-00083,paragraph_unit,PAR-DOC-POL-009-00083,DOC-POL-009,section7,22,note,review,,,low,,,,,,,,,,review_required,,,"** NSP 저널: Nature, Science, PNAS(미국국립과학원회보, Proceedings of the National Academy of Science)"
CLS-SEED-DOC-POL-009-00084,paragraph_unit,PAR-DOC-POL-009-00084,DOC-POL-009,section7,23,bullet,yes,,,low,,,,,,,,,,review_required,,,- 우수논문 수 증가 등으로 Nature Index 기준 국가 종합순위*는 세계 9위(’18년)에서 점진적으로 상승하여 최근 7위(‘25년) 달성
CLS-SEED-DOC-POL-009-00085,paragraph_unit,PAR-DOC-POL-009-00085,DOC-POL-009,section7,24,note,review,,,low,,,,,,,,,,review_required,,,* 우수 학술지에 게재되는 논문 수와 영향력 등을 바탕으로 평가해 지수화한 순위
CLS-SEED-DOC-POL-009-00086,paragraph_unit,PAR-DOC-POL-009-00086,DOC-POL-009,section7,25,bullet,yes,,,low,,,,,,,,,,review_required,,,"ㅇ (학술 영예) 세계 최고 권위의 학술상(노벨상, 필즈상, 튜링상, 래스커상, 울프상 등) 수상자는 현재까지 全無 ※ 필즈상: 한국계 미국인 1명(’22년)"
CLS-SEED-DOC-POL-009-00087,paragraph_unit,PAR-DOC-POL-009-00087,DOC-POL-009,section7,26,bullet,yes,talent,연구자,medium,,,,,,,,,,review_required,,,"- 과학 분야 최고의 영예로 여겨지는 미국국립과학원(NAS), 영국왕립학회(Royal Society)에 등록된 석학회원 중 우리 연구자는 총 4명에 그치고,"
CLS-SEED-DOC-POL-009-00088,paragraph_unit,PAR-DOC-POL-009-00088,DOC-POL-009,section7,27,note,review,,,low,,,,,,,,,,review_required,,,"※ (참고) [NAS] 日 28명, 中 34명, 獨 65명 등 / [Royal Society] 日 10명, 中 10명 등"
CLS-SEED-DOC-POL-009-00089,paragraph_unit,PAR-DOC-POL-009-00089,DOC-POL-009,section7,28,bullet,yes,,,low,,,,,,,,,,review_required,,,"- 전기·전자, 컴퓨터 분야에서 탁월한 업적을 인정받은 IEEE / ACM 석학회원(Fellow) 규모도 주요 선진국 대비 아직은 부족*"
CLS-SEED-DOC-POL-009-00090,paragraph_unit,PAR-DOC-POL-009-00090,DOC-POL-009,section7,29,note,review,,,low,,,,,,,,,,review_required,,,"※ (참고) [IEEE] 韓 101명, 日 425명, 中 192명 / [ACM] 韓 3명, 日 7명, 中 28명"
CLS-SEED-DOC-POL-009-00091,paragraph_unit,PAR-DOC-POL-009-00091,DOC-POL-009,section7,30,bullet,yes,talent,연구자,medium,,,,,,,,,,review_required,,,"ㅇ (우수 연구자) HCR*(피인용 상위 1%)에 해당하는 국내 연구자는 점차 증가하고 있으나, 해외 주요국과 비교하였을 때 여전히 부족**"
CLS-SEED-DOC-POL-009-00092,paragraph_unit,PAR-DOC-POL-009-00092,DOC-POL-009,section7,31,note,review,talent,연구자,medium,,,,,,,,,,review_required,,,* Clarivate Analytics社가 피인용 기반으로 발표한 세계에서 가장 영향력 있는 연구자
CLS-SEED-DOC-POL-009-00093,paragraph_unit,PAR-DOC-POL-009-00093,DOC-POL-009,section7,32,note,review,,,low,,,,,,,,,,review_required,,,"** 우리나라보다 인구수가 적은 호주(2.7천만), 캐나다(4천만), 홍콩(0.7천만) 등 대비 저조"
CLS-SEED-DOC-POL-009-00094,paragraph_unit,PAR-DOC-POL-009-00094,DOC-POL-009,section7,33,bullet,yes,,,low,,,,,,,,,,review_required,,,"ㅇ (우수 연구기관) Nature Index 상위 200개 기관에 포함된 국내 연구기관 수는 5개(’25년, 세계 6위)로 감소 추세"
CLS-SEED-DOC-POL-009-00095,paragraph_unit,PAR-DOC-POL-009-00095,DOC-POL-009,section7,34,bullet,no,,,low,,,,,,,,,,review_required,auto_filtered=front_matter,,- 국내 상위 10개 연구기관의 Nature Index 평균 순위도 정체
CLS-SEED-DOC-POL-009-00096,paragraph_unit,PAR-DOC-POL-009-00096,DOC-POL-009,section7,35,bullet,yes,talent,연구자,medium,,,,,,,,,,review_required,,,"ㅇ (안전망) 신진, 지방 연구자 등을 중점 지원하던 ’기본연구‘ 사업의 폐지(‘24년)로 연구 기반이 취약한 집단을 중심으로 연구 단절 현상 가속화"
CLS-SEED-DOC-POL-009-00097,paragraph_unit,PAR-DOC-POL-009-00097,DOC-POL-009,section7,36,heading,no,talent,연구자,medium,,,,,,,,,,review_required,auto_filtered=front_matter,,< 기초연구사업 지원 과제 中 신진/지역 연구자 비중 >
CLS-SEED-DOC-POL-009-00098,paragraph_unit,PAR-DOC-POL-009-00098,DOC-POL-009,section7,37,bullet,yes,talent,연구자,medium,,,,,,,,,,review_required,,,☞ ’생애기본연구‘의 신진·지역 연구자 지원 비중이 ’우수연구‘ 대비 약 10%p 가량 높음
CLS-SEED-DOC-POL-009-00099,paragraph_unit,PAR-DOC-POL-009-00099,DOC-POL-009,section7,38,bullet,yes,talent,연구자,medium,,,,,,,,,,review_required,,,ㅇ (지속·안정성) 3년 이하의 단기과제 비중이 높아* 잦은 재신청 및 평가로 인한 연구자들의 안정적 연구 활동 저해
CLS-SEED-DOC-POL-009-00100,paragraph_unit,PAR-DOC-POL-009-00100,DOC-POL-009,section7,39,note,review,,,low,,,,,,,,,,review_required,,,"* 개인기초연구 기간별 과제 비중(%, ’24): [3년 이하] 48.6, [4~5년] 50.2, [5년 초과] 1.2"
CLS-SEED-DOC-POL-009-00101,paragraph_unit,PAR-DOC-POL-009-00101,DOC-POL-009,section7,40,bullet,yes,,,low,,,,,,,,,,review_required,,,"- 심화연구 수행을 위해 후속연구의 연구비·기간을 확대하고, 재신청 시 평가 등 행정 부담을 축소해달라는 현장 의견 다수 존재"
CLS-SEED-DOC-POL-009-00102,paragraph_unit,PAR-DOC-POL-009-00102,DOC-POL-009,section7,41,note,review,talent,연구자,medium,,,,,,,,,,review_required,,,※ (참고) ‘24-’25년 도약형(후속연구) 사업에 대한 연구자 만족도 조사 결과
CLS-SEED-DOC-POL-009-00103,paragraph_unit,PAR-DOC-POL-009-00103,DOC-POL-009,section7,42,bullet,yes,,,low,,,,,,,,,,review_required,,,"ㅇ (수혜자 규모) 과제 수 감소와 비전임 교원 수 증가는 수혜율을 하락*시켰고, 연구 현장의 불안감 조성을 초래하여 경쟁률도 급상승**"
CLS-SEED-DOC-POL-009-00104,paragraph_unit,PAR-DOC-POL-009-00104,DOC-POL-009,section7,43,note,review,,,low,,,,,,,,,,review_required,,,* 수혜율(%): (‘21) 26.1 → (’22) 25.9 → (‘23) 23.5 → (’24) 19.3
CLS-SEED-DOC-POL-009-00105,paragraph_unit,PAR-DOC-POL-009-00105,DOC-POL-009,section7,44,note,review,,,low,,,,,,,,,,review_required,,,** 중견연구 경쟁률: (‘22) 3.11 → (‘23) 4.60 → (‘24) 7.35 → (‘25) 6.03
CLS-SEED-DOC-POL-009-00106,paragraph_unit,PAR-DOC-POL-009-00106,DOC-POL-009,section7,45,bullet,yes,,,low,,,,,,,,,,review_required,,,⇒ 기초연구 본연의 목적과 특성에 부합하는 투자시스템 구축
CLS-SEED-DOC-POL-009-00107,paragraph_unit,PAR-DOC-POL-009-00107,DOC-POL-009,section7,46,bullet,yes,,,low,,,,,,,,,,review_required,,,"ㅇ (청년) 학위 취득 직후가 연구에 몰입하여 성과를 창출하기 가장 좋은 시기임에도, 신진 교원 수혜율은 60%대(‘23년)로 하락*"
CLS-SEED-DOC-POL-009-00108,paragraph_unit,PAR-DOC-POL-009-00108,DOC-POL-009,section7,47,note,review,,,low,,,,,,,,,,review_required,,,* 신진 전임교원 수혜율(%): (‘19) 74.9 → (’20) 71.3 → (‘21) 74.6 → (’22) 77.0 → (‘23) 64.3
CLS-SEED-DOC-POL-009-00109,paragraph_unit,PAR-DOC-POL-009-00109,DOC-POL-009,section7,48,bullet,yes,talent,연구자,medium,,,,,,,,,,review_required,,,"- 또한, 초기 연구실 구축, 고용 불안정으로 애로를 겪는 신진 연구자 多"
CLS-SEED-DOC-POL-009-00110,paragraph_unit,PAR-DOC-POL-009-00110,DOC-POL-009,section7,49,bullet,yes,talent,연구자,medium,,,,,,,,,,review_required,,,ㅇ (최우수 석학) 상위 1% 논문 창출 등 연구 생산성이 가장 뛰어난* 리더 연구자 육성을 위한 지원 규모는 제자리**
CLS-SEED-DOC-POL-009-00111,paragraph_unit,PAR-DOC-POL-009-00111,DOC-POL-009,section7,50,note,review,talent,연구자,medium,,,,,,,,,,review_required,,,* 리더연구자의 NSP 저널 논문실적(투자규모 대비)이 他 집단의 4배 이상
CLS-SEED-DOC-POL-009-00112,paragraph_unit,PAR-DOC-POL-009-00112,DOC-POL-009,section7,51,note,review,infrastructure_policy,예산,medium,,,,,,,,,,review_required,,,** 개인기초연구 중 리더연구 예산 비중(%): ’19) 5.8 → ‘22) 4.6 → ‘25) 3.4
CLS-SEED-DOC-POL-009-00113,paragraph_unit,PAR-DOC-POL-009-00113,DOC-POL-009,section7,52,heading,no,,,low,,,,,,,,,,review_required,auto_filtered=front_matter,,"< 연구비 10억 원당 저널 논문실적(건, ‘23년) >"
CLS-SEED-DOC-POL-009-00114,paragraph_unit,PAR-DOC-POL-009-00114,DOC-POL-009,section7,53,bullet,yes,talent,연구자,medium,,,,,,,,,,review_required,,,"- 리더 연구자의 연구 심화·확장 등 지속 혁신을 위한 도전과제가 부족하고, 이들의 역량을 국가·사회적으로 활용할 수 있는 지원시스템 미비"
CLS-SEED-DOC-POL-009-00115,paragraph_unit,PAR-DOC-POL-009-00115,DOC-POL-009,section7,54,bullet,yes,infrastructure_policy,지원체계,medium,,,,,,,,,,review_required,,,"ㅇ (학문 특성) 학문 분야별로 필요한 연구비 규모·기간이 다름에도, 분야별 지원체계를 종료(~’23년)하고 일률적인 지원 중"
CLS-SEED-DOC-POL-009-00116,paragraph_unit,PAR-DOC-POL-009-00116,DOC-POL-009,section7,55,note,review,infrastructure_policy,지원체계,medium,,,,,,,,,,review_required,,,"※ (참고) 기초연구사업 분야별 지원체계 운영에 만족도 조사(‘23년): 만족(51%), 불만족(16%)"
CLS-SEED-DOC-POL-009-00117,paragraph_unit,PAR-DOC-POL-009-00117,DOC-POL-009,section7,56,heading,no,,,low,,,,,,,,,,review_required,auto_filtered=front_matter,,"< 분야별 1인당 연구비 (억원, ‘23년) >"
CLS-SEED-DOC-POL-009-00118,paragraph_unit,PAR-DOC-POL-009-00118,DOC-POL-009,section7,57,bullet,yes,,,low,,,,,,,,,,review_required,,,⇒ 우수 학술성과를 창출하는 연구자 맞춤형 지원체계 확충
CLS-SEED-DOC-POL-009-00119,paragraph_unit,PAR-DOC-POL-009-00119,DOC-POL-009,section7,58,bullet,yes,,,low,,,,,,,,,,review_required,,,"ㅇ (대학) Nature Index 상위 30 대학 중 국내 대학은 부재하며, 상위 200개 대학에 포함된 국내 대학 수도 6개에서 정체(’25년, 세계 6위)"
CLS-SEED-DOC-POL-009-00120,paragraph_unit,PAR-DOC-POL-009-00120,DOC-POL-009,section7,59,note,review,,,low,,,,,,,,,,review_required,,,"※ 국내 대학 Nature Index 순위: 서울대 47위, KAIST 76위, 연세대 117위 등"
CLS-SEED-DOC-POL-009-00121,paragraph_unit,PAR-DOC-POL-009-00121,DOC-POL-009,section7,60,bullet,yes,,,low,,,,,,,,,,review_required,,,"- 수도권 대학(연구비 수혜 상위 9곳)의 평균 논문실적은 ‘22년 이후 지속 감소하고 있으며, 지방거점국립대와의 격차는 여전히 큰 상황(약 1.7배)"
CLS-SEED-DOC-POL-009-00122,paragraph_unit,PAR-DOC-POL-009-00122,DOC-POL-009,section7,61,bullet,yes,,,low,,,,,,,,,,review_required,,,"ㅇ (출연기관) 기초과학연구원(IBS)은 안정적 연구 지원을 바탕으로 학술성과는 탁월*한 편이나, 글로벌 연구경쟁력은 정체**"
CLS-SEED-DOC-POL-009-00123,paragraph_unit,PAR-DOC-POL-009-00123,DOC-POL-009,section7,62,note,review,,,low,,,,,,,,,,review_required,,,"* 상위 1% 논문 비중: 3.17% (RIKEN 1.88%), 논문당 피인용 수: 37.19회 (RIKEN 25.17)"
CLS-SEED-DOC-POL-009-00124,paragraph_unit,PAR-DOC-POL-009-00124,DOC-POL-009,section7,63,note,review,,,low,,,,,,,,,,review_required,,,** IBS Nature Index 순위: (’18) 207위 → (‘20) 172위 → (‘22) 178위 → (‘24) 226위
CLS-SEED-DOC-POL-009-00125,paragraph_unit,PAR-DOC-POL-009-00125,DOC-POL-009,section7,64,bullet,yes,talent,인재,medium,,,,,,,,,,review_required,,,"- 세계적 석학 등 글로벌 인재 유치 확대를 위해 노력 중이나, 영입 둔화*"
CLS-SEED-DOC-POL-009-00126,paragraph_unit,PAR-DOC-POL-009-00126,DOC-POL-009,section7,65,note,review,talent,인재,medium,,,,,,,,,,review_required,,,"* 해외 석학 단장(12명) 영입 정체, 최종 협상 단계에서 인재 유치 결렬 사례 증가 중"
CLS-SEED-DOC-POL-009-00127,paragraph_unit,PAR-DOC-POL-009-00127,DOC-POL-009,section7,66,bullet,yes,,,low,,,,,,,,,,review_required,,,ㅇ (민간기업) 글로벌 빅테크 기업에서 노벨과학상 등 혁신적 기초연구 성과를 배출*하는 등 기초연구 생태계에서 민간의 역할은 지속 확대
CLS-SEED-DOC-POL-009-00128,paragraph_unit,PAR-DOC-POL-009-00128,DOC-POL-009,section7,67,note,review,,,low,STR-007,양자 정보통신 및 미래소재 선점,,low,TD-010,양자,TSD-010-004,인프라/생태계,high,review_required,primary_score=5 | tech_score=11; subdomain=TSD-010-004,,"* Google 2년 연속 노벨상: ’25년 물리학상(양자역학), ‘24년 화학상(단백질 구조예측 AI)"
CLS-SEED-DOC-POL-009-00129,paragraph_unit,PAR-DOC-POL-009-00129,DOC-POL-009,section7,68,bullet,yes,,,low,,,,,,,,,,review_required,,,"- 우리 민간기업의 기초연구 투자 규모·비중은 높은 편*이나, 학계와의 협력 강화, 도전적 연구 지원 등 투자 방식의 혁신 요구"
CLS-SEED-DOC-POL-009-00130,paragraph_unit,PAR-DOC-POL-009-00130,DOC-POL-009,section7,69,note,review,,,low,,,,,,,,,,review_required,,,"* 민간의 기초연구 단계 투자 규모: 10.2조 원, 기업 R&D투자 대비 10.8% 차지"
CLS-SEED-DOC-POL-009-00131,paragraph_unit,PAR-DOC-POL-009-00131,DOC-POL-009,section7,70,note,review,,,low,,,,,,,,,,review_required,,,"※ 우리나라 주요 기업의 Nature Index 순위(’25년): 삼성 13위, LG 73위, 현대 94위 등"
CLS-SEED-DOC-POL-009-00132,paragraph_unit,PAR-DOC-POL-009-00132,DOC-POL-009,section7,71,bullet,yes,,,low,,,,,,,,,,review_required,,,⇒ 세계 유수 연구기관과 경쟁할 수 있는 기초연구 기관 육성
CLS-SEED-DOC-POL-009-00133,paragraph_unit,PAR-DOC-POL-009-00133,DOC-POL-009,section7,72,bullet,yes,talent,연구자,medium,,,,,,,,,,review_required,,,"ㅇ (AI 활용 환경) 대학 연구자들의 AI + 기초연구 수요가 지속 증가*하고 있음에도, AI 활용 환경이 미흡하여 애로 호소**"
CLS-SEED-DOC-POL-009-00134,paragraph_unit,PAR-DOC-POL-009-00134,DOC-POL-009,section7,73,note,review,,,low,,,,,,,,,,review_required,,,* ’AI 키워드‘가 포함된 기초연구 과제 비중(%): ’21) 8.4 → ’23) 9.4 → ’25) 12.7
CLS-SEED-DOC-POL-009-00135,paragraph_unit,PAR-DOC-POL-009-00135,DOC-POL-009,section7,74,note,review,,,low,,,,,,,,,,review_required,,,"** 대학의 AI 자원 사용 만족도: [일반대학] 불만족 53.1%, [과기원] 불만족 65.5%"
CLS-SEED-DOC-POL-009-00136,paragraph_unit,PAR-DOC-POL-009-00136,DOC-POL-009,section7,75,heading,no,,,low,,,,,,,,,,review_required,auto_filtered=front_matter,,< 대학의 AI 자원 불만족 사유 >
CLS-SEED-DOC-POL-009-00137,paragraph_unit,PAR-DOC-POL-009-00137,DOC-POL-009,section7,76,bullet,yes,talent,인력|연구자,high,,,,,,,,,,review_required,,,"ㅇ (연구지원체계) 연구 행정*, 연구장비 운용 등 연구 外 업무를 뒷받침할 연구지원인력 부족은 연구자들의 연구 몰입을 방해"
CLS-SEED-DOC-POL-009-00138,paragraph_unit,PAR-DOC-POL-009-00138,DOC-POL-009,section7,77,note,review,,,low,,,,,,,,,,review_required,,,"* 연구계획서 작성, 연구비 정산, 진도 관리, 연구 윤리·보안 지식재산권 관리·활용 등"
CLS-SEED-DOC-POL-009-00139,paragraph_unit,PAR-DOC-POL-009-00139,DOC-POL-009,section7,78,heading,no,talent,인력,medium,,,,,,,,,,review_required,auto_filtered=front_matter,,< 연구인력 당 연구지원인력 비중(‘23년) >
CLS-SEED-DOC-POL-009-00140,paragraph_unit,PAR-DOC-POL-009-00140,DOC-POL-009,section7,79,bullet,yes,,,low,,,,,,,,,,review_required,,,"ㅇ (평가) 기초연구 평가 대상 과제*의 급격한 증가로 혁신·도전적인 ’옥석‘을 가리는 평가가 아닌, 기계적 평가 방식만을 적용하는 현실"
CLS-SEED-DOC-POL-009-00141,paragraph_unit,PAR-DOC-POL-009-00141,DOC-POL-009,section7,80,note,review,,,low,,,,,,,,,,review_required,,,* 평가대상 과제 수(만개): ’22년) 1.98 → ‘23년) 2.35 → ’24년) 3.29 → ‘25년) 3.94
CLS-SEED-DOC-POL-009-00142,paragraph_unit,PAR-DOC-POL-009-00142,DOC-POL-009,section7,81,bullet,yes,,,low,,,,,,,,,,review_required,,,"- 복잡하고 잦은 평가(선정·단계) 절차는 연구자의 연구 전념을 방해하고, 평가의 공정성·전문성에 대한 문제 제기도 지속"
CLS-SEED-DOC-POL-009-00143,paragraph_unit,PAR-DOC-POL-009-00143,DOC-POL-009,section7,82,bullet,yes,,,low,,,,,,,,,,review_required,,,⇒ 창의성을 마음껏 펼치고 연구에 몰입할 수 있는 제반 환경 조성
CLS-SEED-DOC-POL-009-00144,paragraph_unit,PAR-DOC-POL-009-00144,DOC-POL-009,section8,1,bullet,yes,,,low,,,,,,,,,,review_required,,,"ㅇ 기초연구 생태계의 저변 확대를 위해 ’23년 폐지된 ’기본연구‘를 복원하고 ’22년 수준(약 6,000개) 이상으로 지원 규모를 점진적 확대"
CLS-SEED-DOC-POL-009-00145,paragraph_unit,PAR-DOC-POL-009-00145,DOC-POL-009,section8,2,note,review,,,low,,,,,,,,,,review_required,,,"※ 생애기본연구 지원과제 수(개): ‘22) 6,390 → ‘23) 5,193 → ‘24) 2,737 → ‘25) 802"
CLS-SEED-DOC-POL-009-00146,paragraph_unit,PAR-DOC-POL-009-00146,DOC-POL-009,section8,3,bullet,yes,,,low,,,,,,,,,,review_required,,,- 이를 통해 他 과제 참여기회를 확보하지 못한 연구자들에게 최소 규모의 연구비를 지원함으로써 연구 중단 방지 및 재도약 지원
CLS-SEED-DOC-POL-009-00147,paragraph_unit,PAR-DOC-POL-009-00147,DOC-POL-009,section8,4,note,review,,,low,,,,,,,,,,review_required,,,"※ (예) ‘핵심연구’ 과제 未선정(‘26.2월) → ‘기본연구’(1년) 과제 신청(‘26.3월) 및 착수(’26.9월~) → ‘핵심연구’ 과제 再신청(‘26.12월, 연구기간 6개월 중복 가능)"
CLS-SEED-DOC-POL-009-00148,paragraph_unit,PAR-DOC-POL-009-00148,DOC-POL-009,section8,5,bullet,yes,infrastructure_policy,지원체계,medium,,,,,,,,,,review_required,,,ㅇ 기본연구 과제의 부처 간 역할 분담*을 통해 빈틈없는 지원체계 확립
CLS-SEED-DOC-POL-009-00149,paragraph_unit,PAR-DOC-POL-009-00149,DOC-POL-009,section8,6,note,review,talent,교육,medium,,,,,,,,,,review_required,,,* 과기정통부: 전임 교원 / 교육부: 비전임 교원
CLS-SEED-DOC-POL-009-00150,paragraph_unit,PAR-DOC-POL-009-00150,DOC-POL-009,section8,7,bullet,yes,talent,연구자,medium,,,,,TD-005,소재,,,high,review_required,tech_score=11,,"- ➀생애 첫 수행, ➁경력 단절(출산·육아) 연구자를 우대하고, ➂지방 소재 연구자를 일정 비율 이상 할당하여 취약 집단에 대한 안전망 제공"
CLS-SEED-DOC-POL-009-00151,paragraph_unit,PAR-DOC-POL-009-00151,DOC-POL-009,section8,8,heading,no,,,low,,,,,,,,,,review_required,auto_filtered=front_matter,,< 기본연구 사업 개요 >
CLS-SEED-DOC-POL-009-00152,paragraph_unit,PAR-DOC-POL-009-00152,DOC-POL-009,section8,9,bullet,yes,,,low,,,,,,,,,,review_required,,,"ㅇ (후속연구 연계) 기존 과제에서 우수한 성과를 창출한 경우, 성과 결과에 기반하여 후속연구(3년)를 즉시 연계하도록 ’도약형‘ 사업 정비 및 강화"
CLS-SEED-DOC-POL-009-00153,paragraph_unit,PAR-DOC-POL-009-00153,DOC-POL-009,section8,10,bullet,yes,technology,확보,medium,,,,,,,,,,review_required,,,"- 더욱 도전적 목표의 심화 연구를 수행하도록 종료 과제의 20%를 ’도약형‘ 신규과제로 확보하고 기존 단가의 최대 120% 규모로, 총 2회까지 지원*"
CLS-SEED-DOC-POL-009-00154,paragraph_unit,PAR-DOC-POL-009-00154,DOC-POL-009,section8,11,note,review,,,low,,,,,,,,,,review_required,,,"* 2회까지 지원 시, 최대 11년(5+3+3년)까지 장기연구 가능"
CLS-SEED-DOC-POL-009-00155,paragraph_unit,PAR-DOC-POL-009-00155,DOC-POL-009,section8,12,bullet,yes,,,low,,,,,,,,,,review_required,,,"- 추가 서류 제출을 최소화*하고, 성과검토위원회(PM 중심)를 통해 연구 목표 달성도, 성과 우수성 등**을 검토하여 우선순위 도출"
CLS-SEED-DOC-POL-009-00156,paragraph_unit,PAR-DOC-POL-009-00156,DOC-POL-009,section8,13,note,review,,,low,,,,,,,,,,review_required,,,"* 기존 과제의 연구 성과 5P 이내, 후속 과제 계획 2P 이내 작성토록 하여 부담 경감"
CLS-SEED-DOC-POL-009-00157,paragraph_unit,PAR-DOC-POL-009-00157,DOC-POL-009,section8,14,note,review,,,low,,,,,,,,,,review_required,,,"** 기존 연구와 후속연구의 연계성, 기존 연구의 심화·발전 가능성, 후속연구의 목표 등"
CLS-SEED-DOC-POL-009-00158,paragraph_unit,PAR-DOC-POL-009-00158,DOC-POL-009,section8,15,heading,no,,,low,,,,,,,,,,review_required,auto_filtered=front_matter,,< 도약형 사업 개요 >
CLS-SEED-DOC-POL-009-00159,paragraph_unit,PAR-DOC-POL-009-00159,DOC-POL-009,section8,16,bullet,yes,talent,연구자,medium,,,,,,,,,,review_required,,,ㅇ (연구기간 확대) 개인연구의 지원기간을 연장하여 연구자들이 과제 再신청 등 행정 부담 없이 장기적으로 연구할 수 있는 환경 조성
CLS-SEED-DOC-POL-009-00160,paragraph_unit,PAR-DOC-POL-009-00160,DOC-POL-009,section8,17,bullet,yes,,,low,,,,,,,,,,review_required,,,ㅇ (한우물파기) 장기간 한 분야에서 도전적인 연구를 꾸준히 수행할 수 있도록 ’한우물파기 기초연구(10년/연 2억원 내외)‘도 지속 확대
CLS-SEED-DOC-POL-009-00161,paragraph_unit,PAR-DOC-POL-009-00161,DOC-POL-009,section8,18,bullet,yes,,,low,,,,,,,,,,review_required,,,"ㅇ (수혜율 제고) 장기적(’30년 이후)으로 전체 교원 30%, 전임 교원 50% 수혜율을 달성·유지하는 것을 목표로, 지원 과제 수를 점진적으로 확대"
CLS-SEED-DOC-POL-009-00162,paragraph_unit,PAR-DOC-POL-009-00162,DOC-POL-009,section8,19,bullet,yes,talent,연구자,medium,,,,,,,,,,review_required,,,"- 특히, 30대 젊은 연구자 수혜율을 높은 수준(70% 이상)으로 관리하고, 우수한 비전임 교원에 대해서는 절대적 규모를 지원"
CLS-SEED-DOC-POL-009-00163,paragraph_unit,PAR-DOC-POL-009-00163,DOC-POL-009,section8,20,paragraph,yes,,,low,,,,,,,,,,review_required,,,< 전임교원 기초연구 수혜율 추세(안) > * 국가재정운용계획(’25-‘29년) 기반
CLS-SEED-DOC-POL-009-00164,paragraph_unit,PAR-DOC-POL-009-00164,DOC-POL-009,section8,21,bullet,yes,infrastructure_policy,예산,medium,,,,,,,,,,review_required,,,"ㅇ (경쟁률 관리) 동일 사업군 내에서 유형별 예산, 과제 수를 유연하게 조정할 수 있도록 하여 ’눈치싸움‘ 방지 및 안정적인 경쟁률 관리"
CLS-SEED-DOC-POL-009-00165,paragraph_unit,PAR-DOC-POL-009-00165,DOC-POL-009,section8,22,heading,no,,,low,,,,,,,,,,review_required,auto_filtered=front_matter,,< 2026년 핵심연구 신규과제 운영안 >
CLS-SEED-DOC-POL-009-00166,paragraph_unit,PAR-DOC-POL-009-00166,DOC-POL-009,section8,23,bullet,yes,infrastructure_policy,예산,medium,,,,,,,,,,review_required,,,ㅇ (법제화) ｢기초연구진흥법｣ 개정을 통해 정부R&D 예산 중 일정 비율 이상(예. 10%)을 기초연구에 투자토록 정부의 노력 의무를 명시
CLS-SEED-DOC-POL-009-00167,paragraph_unit,PAR-DOC-POL-009-00167,DOC-POL-009,section8,24,bullet,yes,,,low,,,,,,,,,,review_required,,,"- 또한, 기초연구 사업의 회계연도 일치 예외를 규정함으로써 안정적으로 연구비를 지원하여 연구 수행의 유연성과 예측가능성 보장"
CLS-SEED-DOC-POL-009-00168,paragraph_unit,PAR-DOC-POL-009-00168,DOC-POL-009,section8,25,bullet,yes,talent,연구자,medium,,,,,,,,,,review_required,,,"- 아울러, 기초연구 통계 작성·활용, 전담기관 지정 및 청년연구자 우대 등의 조항도 포함하여 체계적인 정책 추진을 위한 법적 근거 마련"
CLS-SEED-DOC-POL-009-00169,paragraph_unit,PAR-DOC-POL-009-00169,DOC-POL-009,section8,26,bullet,yes,talent,연구자,medium,,,,,,,,,,review_required,,,"ㅇ (단계별 지원) ’석·박사생‘부터 ’신진연구자‘까지 청년 연구자의 성장단계에 따라, 공백없이 맞춤형 지원하여 세계적 연구자로의 성장 촉진"
CLS-SEED-DOC-POL-009-00170,paragraph_unit,PAR-DOC-POL-009-00170,DOC-POL-009,section8,27,bullet,yes,talent,연구자,medium,,,,,,,,,,review_required,,,- 우수한 청년 연구자가 경력의 전환기마다 우선 지원받을 수 있도록 성과 기반으로 단계별 사업 연계를 강화
CLS-SEED-DOC-POL-009-00171,paragraph_unit,PAR-DOC-POL-009-00171,DOC-POL-009,section8,28,note,review,talent,연구자,medium,,,,,,,,,,review_required,,,"※ 세종과학펠로우십 수혜 연구자가 신규 전임 교원으로 임용된 경우, 신진연구 과제를 연계하여 평가 점수가 80점 이상인 경우 우선 선발"
CLS-SEED-DOC-POL-009-00172,paragraph_unit,PAR-DOC-POL-009-00172,DOC-POL-009,section8,29,heading,no,talent,연구자,medium,,,,,,,,,,review_required,auto_filtered=front_matter,,< 청년 연구자 성장 단계별 지원사업 >
CLS-SEED-DOC-POL-009-00173,paragraph_unit,PAR-DOC-POL-009-00173,DOC-POL-009,section8,30,bullet,yes,technology,개발,medium,,,,,,,,,,review_required,,,"ㅇ (포닥) 박사후연구원의 역량 향상과 경력 개발을 위해 세종과학펠로우십 등 포닥 전용사업을 통해 향후 5년간 총 4,000명 이상 신규 지원"
CLS-SEED-DOC-POL-009-00174,paragraph_unit,PAR-DOC-POL-009-00174,DOC-POL-009,section8,31,note,review,,,low,,,,,,,,,,review_required,,,※ ’26년 신규 지원규모: 세종펠로우십 460명 + 학문후속세대 240명 + InnoCORE 600명 등
CLS-SEED-DOC-POL-009-00175,paragraph_unit,PAR-DOC-POL-009-00175,DOC-POL-009,section8,32,bullet,yes,talent,연구자,medium,,,,,,,,,,review_required,,,- 세종과학펠로우십 단계평가를 폐지(‘26년~)하여 신진 연구자들의 행정 부담을 경감하고 연구에 몰입할 수 있도록 지원
CLS-SEED-DOC-POL-009-00176,paragraph_unit,PAR-DOC-POL-009-00176,DOC-POL-009,section8,33,bullet,yes,talent,연구자,medium,,,,,,,,,,review_required,,,- 해외에서 박사학위를 취득한 연구자가 국내 연구기관에서 자리 잡을 수 있도록 세종과학펠로우십 ’복귀·유치‘ 트랙 신설(’26년~)
CLS-SEED-DOC-POL-009-00177,paragraph_unit,PAR-DOC-POL-009-00177,DOC-POL-009,section8,34,note,review,,,low,,,,,,,,,,review_required,,,"※ 향후 5년간 해외 우수 박사후연구원 1,000명 국내 유치 목표로 추진"
CLS-SEED-DOC-POL-009-00178,paragraph_unit,PAR-DOC-POL-009-00178,DOC-POL-009,section8,35,bullet,yes,talent,연구자,medium,,,,,,,,,,review_required,,,"- 집단연구* 등에서 박사후연구원 등 초기 연구자의 참여 비중(선정), 전임연구원 전환(단계) 등을 평가 요소로 반영하여 연구 기회 확대"
CLS-SEED-DOC-POL-009-00179,paragraph_unit,PAR-DOC-POL-009-00179,DOC-POL-009,section8,36,note,review,,,low,,,,,,,,,,review_required,,,"* 우선, 국가연구소(NRL 2.0) 2026년부터 사업 시행계획 및 신청공고에 반영"
CLS-SEED-DOC-POL-009-00180,paragraph_unit,PAR-DOC-POL-009-00180,DOC-POL-009,section8,37,bullet,yes,talent,양성|연구자,high,,,,,,,,,,review_required,,,"ㅇ (신진연구자) 초기 임용 교원의 안정적 연구 활동을 보장하기 위해 지원 규모를 확대*하여 향후 5년간 총 6,000명 이상의 연구자 양성"
CLS-SEED-DOC-POL-009-00181,paragraph_unit,PAR-DOC-POL-009-00181,DOC-POL-009,section8,38,note,review,talent,연구자,medium,,,,,,,,,,review_required,,,"* 신진연구자 지원 규모(신규, 명): ‘25년) 800 → ’26년) 1,630"
CLS-SEED-DOC-POL-009-00182,paragraph_unit,PAR-DOC-POL-009-00182,DOC-POL-009,section8,39,bullet,yes,talent,연구자,medium,,,,,,,,,,review_required,,,- 심화 연구 등 큰 규모의 연구비를 필요로 하는 탁월한 신진연구자들의 수요에 부응하기 위해 신진연구 유형C 신설 추진
CLS-SEED-DOC-POL-009-00183,paragraph_unit,PAR-DOC-POL-009-00183,DOC-POL-009,section8,40,note,review,,,low,,,,,,,,,,review_required,,,※ 핵심연구 유형C와 유사한 방식으로 운영
CLS-SEED-DOC-POL-009-00184,paragraph_unit,PAR-DOC-POL-009-00184,DOC-POL-009,section8,41,bullet,yes,,,low,,,,,,,,,,review_required,,,"- 신진연구자가 초기에 실험실을 조성하여 연구에 매진토록 연구인프라 구축 지원을 확대하고, 신청·심사 절차 등 간소화"
CLS-SEED-DOC-POL-009-00185,paragraph_unit,PAR-DOC-POL-009-00185,DOC-POL-009,section8,42,note,review,infrastructure_policy,인프라|예산,high,,,,,,,,,,review_required,,,"※ (참고) ‘26년 기준, 신진연구 예산은 대폭 증액(28%)되었으나, 인프라 지원 예산 감소"
CLS-SEED-DOC-POL-009-00186,paragraph_unit,PAR-DOC-POL-009-00186,DOC-POL-009,section8,43,bullet,yes,talent,연구자,medium,,,,,,,,,,review_required,,,ㅇ (리더 지원 확대) 연구 생산성이 가장 높은 최우수 연구자에 대한 지원 규모를 확대*하고 연구 몰입을 위해 단계평가 주기 개편**
CLS-SEED-DOC-POL-009-00187,paragraph_unit,PAR-DOC-POL-009-00187,DOC-POL-009,section8,44,note,review,,,low,,,,,,,,,,review_required,,,* 리더연구 年 20명 이상 신규 지원 ** 9년(3+3+3년 → 5+4년)
CLS-SEED-DOC-POL-009-00188,paragraph_unit,PAR-DOC-POL-009-00188,DOC-POL-009,section8,45,bullet,yes,talent,연구자,medium,,,,,,,,,,review_required,,,"- 국가대표급 연구자가 세계 최고 수준의 연구성과를 지속 창출하도록 리더연구(유형B), Top-Tier 트랙을 신설*하여 두텁게 지원"
CLS-SEED-DOC-POL-009-00189,paragraph_unit,PAR-DOC-POL-009-00189,DOC-POL-009,section8,46,note,review,,,low,,,,,,,,,,review_required,,,"* 연 16억원 내외, 총 9년 지원 / ‘26년 기준, 3개 과제 반영"
CLS-SEED-DOC-POL-009-00190,paragraph_unit,PAR-DOC-POL-009-00190,DOC-POL-009,section8,47,bullet,yes,talent,연구자,medium,,,,,,,,,,review_required,,,- 리더 연구자에 대해 글로벌 파트너십 구축 및 브랜드化를 추가 지원하여 노벨상 수상자급 연구자로 성장할 수 있는 토대 마련
CLS-SEED-DOC-POL-009-00191,paragraph_unit,PAR-DOC-POL-009-00191,DOC-POL-009,section8,48,note,review,talent,연구자,medium,,,,,,,,,,review_required,,,"※ (예) 미국과학학림원(NAS), 영국왕립학회(Royal Society), 스웨덴 주요 연구기관과 공동 포럼 등 개최 시 리더연구자 참여 활성화를 통한 글로벌 인지도 제고"
CLS-SEED-DOC-POL-009-00192,paragraph_unit,PAR-DOC-POL-009-00192,DOC-POL-009,section8,49,bullet,yes,,,low,,,,,,,,,,review_required,,,"ㅇ (사회적 책무 강화) IBS 단장, 리더연구자, 선도연구센터 소장 등 최우수 연구자들이 국가·사회에 기여할 수 있도록 Out-Reach 프로그램 운영"
CLS-SEED-DOC-POL-009-00193,paragraph_unit,PAR-DOC-POL-009-00193,DOC-POL-009,section8,50,note,review,infrastructure_policy,센터|협의체,high,,,,,,,,,,review_required,,,"※ ‘리더연구자 협의체’를 신규 발족(‘26년)하고, 기존 선도연구센터 협의회 적극 활용"
CLS-SEED-DOC-POL-009-00194,paragraph_unit,PAR-DOC-POL-009-00194,DOC-POL-009,section8,51,bullet,yes,,,low,,,,,,,,,,review_required,,,"- 학생, 일반 대중을 대상으로 하는 강연, 유튜브 등 과학 커뮤니케이션 프로그램에 정례적으로 참여하여 과학문화 활성화에 기여"
CLS-SEED-DOC-POL-009-00195,paragraph_unit,PAR-DOC-POL-009-00195,DOC-POL-009,section8,52,note,review,,,low,,,,,,,,,,review_required,,,"※ (예) 지역 과학관 간 협력을 통해 지역 주민 대상 과학 토크 콘서트 개최, 영재고·과학고·과학중점학교 강연, 민간 학술재단과의 공동 포럼 개최 등"
CLS-SEED-DOC-POL-009-00196,paragraph_unit,PAR-DOC-POL-009-00196,DOC-POL-009,section8,53,bullet,yes,talent,연구자,medium,,,,,,,,,,review_required,,,"- 과학영재, 학부생 등이 연구자의 꿈을 꾸고 우수한 연구자로 성장할 수 있도록 멘토링, 연구실 개방 추진"
CLS-SEED-DOC-POL-009-00197,paragraph_unit,PAR-DOC-POL-009-00197,DOC-POL-009,section8,54,note,review,talent,연구자,medium,,,,,,,,,,review_required,,,"※ (예) 연구자–과학영재 간 멘토-멘티 설정 ⇒ R&E, 연구현장 견학 등 주기적 관리 추진"
CLS-SEED-DOC-POL-009-00198,paragraph_unit,PAR-DOC-POL-009-00198,DOC-POL-009,section8,55,bullet,yes,,,low,STR-015,감염병 대응 및 공중보건 기술 자립,,low,,,,,,review_required,primary_score=5,,"- 감염병, 재난·재해 등 국가·사회적 관심이 높은 이슈에 대해 석학의 집단지성을 활용하여 과학기술에 기반한 현상 진단 및 해결책 제시"
CLS-SEED-DOC-POL-009-00199,paragraph_unit,PAR-DOC-POL-009-00199,DOC-POL-009,section8,56,note,review,,,low,,,,,,,,,,review_required,,,"※ 주요 이슈에 대해 최고 전문가로 참여, 대안 마련 등을 위한 솔루션 제공"
CLS-SEED-DOC-POL-009-00200,paragraph_unit,PAR-DOC-POL-009-00200,DOC-POL-009,section8,57,bullet,yes,infrastructure_policy,지원체계,medium,,,,,,,,,,review_required,,,ㅇ (분야별 지원체계 전환) 학문 분야별 특성과 자율성을 반영한 분야별 지원체계로 점진적 전환하여 연구생산성 극대화
CLS-SEED-DOC-POL-009-00201,paragraph_unit,PAR-DOC-POL-009-00201,DOC-POL-009,section8,58,heading,no,infrastructure_policy,지원체계,medium,,,,,,,,,,review_required,auto_filtered=front_matter,,< 분야별 지원체계 추진계획(안) >
CLS-SEED-DOC-POL-009-00202,paragraph_unit,PAR-DOC-POL-009-00202,DOC-POL-009,section8,59,bullet,yes,,,low,,,,,,,,,,review_required,,,"- 학회 등 연구계 의견수렴을 추진하여 세부 유형 구성, 지원 단가, 비중 등을 포함한 ’분야별 중장기 포트폴리오‘를 수립"
CLS-SEED-DOC-POL-009-00203,paragraph_unit,PAR-DOC-POL-009-00203,DOC-POL-009,section8,60,bullet,yes,infrastructure_policy,예산,medium,,,,,,,,,,review_required,,,"- 분야별 포트폴리오, 과거 지원 및 신청 규모, 차년도 예산 등을 고려하여 분야별로 사전 예산 배분"
CLS-SEED-DOC-POL-009-00204,paragraph_unit,PAR-DOC-POL-009-00204,DOC-POL-009,section8,61,bullet,yes,technology,고도화,medium,,,,,,,,,,review_required,,,ㅇ (신규분야 육성) 기존 틀로는 지원하기 어려운 새롭게 떠오르는 학문 분야를 선점할 수 있도록 ’개척형(舊개척연구)‘ 유형 고도화 추진
CLS-SEED-DOC-POL-009-00205,paragraph_unit,PAR-DOC-POL-009-00205,DOC-POL-009,section8,62,note,review,,,low,,,,,,,,,,review_required,,,※ 일본 과학연구비 지원사업 내 ｢학술변혁영역연구｣ 사례 등 참고
CLS-SEED-DOC-POL-009-00206,paragraph_unit,PAR-DOC-POL-009-00206,DOC-POL-009,section8,63,bullet,yes,,,low,,,,,,,,,,review_required,,,ㅇ 대학이 자율성에 기반하여 대학의 연구경쟁력을 획기적으로 제고할 수 있도록 ｢성과 기반 블록펀딩｣ 도입 추진
CLS-SEED-DOC-POL-009-00207,paragraph_unit,PAR-DOC-POL-009-00207,DOC-POL-009,section8,64,bullet,yes,,,low,,,,,,,,,,review_required,,,ㅇ 대학의 책임 강화를 위해 대학 연구혁신을 위한 별도 조직·기구 설치와 블록펀딩 규모의 일정 비율 이상 자금 매칭 병행
CLS-SEED-DOC-POL-009-00208,paragraph_unit,PAR-DOC-POL-009-00208,DOC-POL-009,section8,65,bullet,yes,,,low,,,,,,,,,,review_required,,,ㅇ (연구그룹 육성) 대학 내 연구그룹의 지속적인 성장(연구 범위·인력성과 등)을 촉진하기 위해 단계별 성장 지원체계 구축
CLS-SEED-DOC-POL-009-00209,paragraph_unit,PAR-DOC-POL-009-00209,DOC-POL-009,section8,66,bullet,yes,infrastructure_policy,센터,medium,,,,,,,,,,review_required,,,"- 선도연구센터의 연구경쟁력을 강화하고, 축적된 역량을 토대로 자생력을 갖춰 세계적 연구그룹으로 도약하도록 ’선도연구센터 발전방안‘ 마련"
CLS-SEED-DOC-POL-009-00210,paragraph_unit,PAR-DOC-POL-009-00210,DOC-POL-009,section8,67,heading,no,infrastructure_policy,지원체계,medium,,,,,,,,,,review_required,auto_filtered=front_matter,,< 연구그룹의 단계별 성장 지원체계(안) >
CLS-SEED-DOC-POL-009-00211,paragraph_unit,PAR-DOC-POL-009-00211,DOC-POL-009,section8,68,bullet,yes,infrastructure_policy,센터,medium,,,,,,,,,,review_required,,,ㅇ (IRC) 혁신연구센터(IRC)의 임무 지향성을 제고하기 위해 전략기술 육성 관련 명확한 임무(Milestone)를 단계별로 설정하고 성과관리 강화*
CLS-SEED-DOC-POL-009-00212,paragraph_unit,PAR-DOC-POL-009-00212,DOC-POL-009,section8,69,note,review,,,low,,,,,,,,,,review_required,,,"* 단계평가 시, 목표달성도 등 엄격한 성과평가를 통해 추가 지원 여부·규모 결정"
CLS-SEED-DOC-POL-009-00213,paragraph_unit,PAR-DOC-POL-009-00213,DOC-POL-009,section8,70,bullet,yes,,,low,,,,,,,,,,review_required,,,- 국가·사회적 수요에 기반하여 지원 분야 사전 도출(Middle-up 방식)
CLS-SEED-DOC-POL-009-00214,paragraph_unit,PAR-DOC-POL-009-00214,DOC-POL-009,section8,71,note,review,infrastructure_policy,센터,medium,,,,,TD-011,첨단바이오,TSD-011-001,바이오·의료기술,high,review_required,tech_score=11; subdomain=TSD-011-001,,"※ (참고) 현재, 지원 중인 8개 혁신연구센터(IRC) 중 ’첨단바이오‘ 분야 센터가 3개"
CLS-SEED-DOC-POL-009-00215,paragraph_unit,PAR-DOC-POL-009-00215,DOC-POL-009,section8,72,bullet,yes,,,low,,,,,,,,,,review_required,,,"- 국가전략기술 개편과 연계, 전략기술 지원 분야·방식 등을 포함한 ’(가칭)전략 기초연구 개선 방안‘ 마련 추진"
CLS-SEED-DOC-POL-009-00216,paragraph_unit,PAR-DOC-POL-009-00216,DOC-POL-009,section8,73,bullet,yes,talent,인력|양성,high,,,,,,,,,,review_required,,,"ㅇ (RLRC) 지역혁신 선도연구센터(RLRC)에 대한 지원을 강화하여 연구인력 양성·활용, 산·학 협력 등 지역 연구 거점으로서 위상 재정립"
CLS-SEED-DOC-POL-009-00217,paragraph_unit,PAR-DOC-POL-009-00217,DOC-POL-009,section8,74,bullet,yes,infrastructure_policy,센터,medium,,,,,,,,,,review_required,,,- ’4극 3특 전략‘에 맞춰 권역별 센터 수를 일정 규모 이상으로 확대
CLS-SEED-DOC-POL-009-00218,paragraph_unit,PAR-DOC-POL-009-00218,DOC-POL-009,section8,75,bullet,yes,,,low,,,,,,,,,,review_required,,,- 지역 연구거점의 연속성 강화를 위해 후속 지원 방안(추가 3년) 검토
CLS-SEED-DOC-POL-009-00219,paragraph_unit,PAR-DOC-POL-009-00219,DOC-POL-009,section8,76,bullet,yes,talent,연구자,medium,,,,,,,,,,review_required,,,ㅇ (정년퇴직 연구자 활용) 정년 前·後에 있는 수도권 우수 교원을 지역혁신의 핵심 주체로 활용하기 위해 지역대학에서의 새 출발* 지원
CLS-SEED-DOC-POL-009-00220,paragraph_unit,PAR-DOC-POL-009-00220,DOC-POL-009,section8,77,note,review,talent,교수,medium,,,,,,,,,,review_required,,,* 지방 대학의 석좌 교수 등 비전임 교원으로 활동
CLS-SEED-DOC-POL-009-00221,paragraph_unit,PAR-DOC-POL-009-00221,DOC-POL-009,section8,78,bullet,yes,,,low,,,,,,,,,,review_required,,,- 이전 연구자가 지역대학에서 연구 활동을 이어갈 수 있도록 現 소속 대학에서의 연구 인프라 이전과 기본연구비를 장기간 지원
CLS-SEED-DOC-POL-009-00222,paragraph_unit,PAR-DOC-POL-009-00222,DOC-POL-009,section8,79,note,review,,,low,,,,,,,,,,review_required,,,"※ 지방 대학과 교원이 사전 협의를 통해 공동 신청하도록 하고, 지방 대학은 해당 교원에게 사무실 및 연구 공간, 연구지원 서비스, 인건비 일부를 지원"
CLS-SEED-DOC-POL-009-00223,paragraph_unit,PAR-DOC-POL-009-00223,DOC-POL-009,section8,80,bullet,yes,talent,양성|연구자,high,,,,,,,,,,review_required,,,"- 신진연구자와의 공동연구, 포닥 등 후학 양성, 지역 내 산·연과의 협력을 의무화하여 활용 극대화"
CLS-SEED-DOC-POL-009-00224,paragraph_unit,PAR-DOC-POL-009-00224,DOC-POL-009,section8,81,bullet,yes,,,low,,,,,,,,,,review_required,,,ㅇ (지역대학 우대) 지방 대학의 탁월한 부설연구소를 글로벌 경쟁력을 갖춘 연구소로 육성하기 위해 NRL2.0 사업 내 지역 Track 신설*
CLS-SEED-DOC-POL-009-00225,paragraph_unit,PAR-DOC-POL-009-00225,DOC-POL-009,section8,82,note,review,infrastructure_policy,예산,medium,,,,,,,,,,review_required,,,"* 전체 예산의 50%를 지역 트랙에 할당하고, 권역별 국가연구소(지역상생) 지정 추진"
CLS-SEED-DOC-POL-009-00226,paragraph_unit,PAR-DOC-POL-009-00226,DOC-POL-009,section8,83,bullet,yes,,,low,,,,,,,,,,review_required,,,- 기초연구실(BRL) 지원 과제의 30% 이상을 지역대학에 할당하여 지역의 집단연구 역량 강화를 뒷받침
CLS-SEED-DOC-POL-009-00227,paragraph_unit,PAR-DOC-POL-009-00227,DOC-POL-009,section8,84,bullet,yes,,,low,STR-007,양자 정보통신 및 미래소재 선점,,low,TD-010,양자,TSD-010-004,인프라/생태계,high,review_required,primary_score=5 | tech_score=11; subdomain=TSD-010-004,,"ㅇ (전략･도전 연구 중추) 양자과학기술, 합성생물학 등 국내 역량의 전략적 확충이 시급한 첨단 기초과학 분야 중추기관으로 도약"
CLS-SEED-DOC-POL-009-00228,paragraph_unit,PAR-DOC-POL-009-00228,DOC-POL-009,section8,85,bullet,yes,,,low,,,,,,,,,,review_required,,,- 출범 15년 차를 맞은 기초과학연구원(IBS)의 운영 방향성과 발전 전략을 담은 ’(가칭) IBS 도약방안‘ 마련 추진
CLS-SEED-DOC-POL-009-00229,paragraph_unit,PAR-DOC-POL-009-00229,DOC-POL-009,section8,86,bullet,yes,talent,인재,medium,,,,,,,,,,review_required,,,"ㅇ (인재 유치 허브) 글로벌 인재 유치의 허브로써 IBS의 기능을 강화하고 세계적 석학, 우수 한인 과학자 등 전략적 유치･활용 확대"
CLS-SEED-DOC-POL-009-00230,paragraph_unit,PAR-DOC-POL-009-00230,DOC-POL-009,section8,87,bullet,yes,infrastructure_policy,펀드,medium,,,,,,,,,,review_required,,,- 글로벌 석학 유치와 함께 연구팀 패키지 형태 유입 전략을 도입하고 스타트업 펀드 등 조기 연구 정착 지원 확대
CLS-SEED-DOC-POL-009-00231,paragraph_unit,PAR-DOC-POL-009-00231,DOC-POL-009,section8,88,bullet,yes,talent,인재|연구자,high,,,,,,,,,,review_required,,,- 해외 정착 우수 연구자의 현지 영입·활용 체계 구축 등 글로벌 인재의 전략적 발굴·운용을 강화
CLS-SEED-DOC-POL-009-00232,paragraph_unit,PAR-DOC-POL-009-00232,DOC-POL-009,section8,89,heading,no,talent,인재,medium,,,,,,,,,,review_required,auto_filtered=front_matter,,< 해외 인재 현지 활용 방향(안) >
CLS-SEED-DOC-POL-009-00233,paragraph_unit,PAR-DOC-POL-009-00233,DOC-POL-009,section8,90,bullet,yes,infrastructure_policy,센터,medium,,,,,,,,,,review_required,,,"ㅇ (세계 선도기관 파트너십) 공동연구센터, 파트너랩 등 글로벌 선도 연구기관과의 체계적이고 지속 가능한 연구 협력 체계 구축·확대"
CLS-SEED-DOC-POL-009-00234,paragraph_unit,PAR-DOC-POL-009-00234,DOC-POL-009,section8,91,note,review,infrastructure_policy,센터,medium,,,,,,,,,,review_required,,,※ (공동연구센터) 세계적 기초과학 연구기관과 IBS가 공동연구센터 구성 및 공동연구(매칭) (파트너랩) 세계적 기초과학 연구기관에 IBS 연구그룹 운영(위성 연구실) 및 공동연구
CLS-SEED-DOC-POL-009-00235,paragraph_unit,PAR-DOC-POL-009-00235,DOC-POL-009,section8,92,bullet,yes,talent,인재|인력|양성,high,,,,,,,,,,review_required,,,"- 유수 연구기관과의 공동 학술행사 개최, 공동 인재 양성 협력 등 글로벌 학술 및 인력 교류 활동도 활성화"
CLS-SEED-DOC-POL-009-00236,paragraph_unit,PAR-DOC-POL-009-00236,DOC-POL-009,section8,93,bullet,yes,infrastructure_policy,제도|인프라,high,,,,,,,,,,review_required,,,"ㅇ (글로벌 수준 연구환경) 글로벌 스탠다드에 걸맞은 제도 개선, 연구 몰입을 위한 연구인프라 구축 등 글로벌 수준의 연구 환경 조성"
CLS-SEED-DOC-POL-009-00237,paragraph_unit,PAR-DOC-POL-009-00237,DOC-POL-009,section8,94,note,review,infrastructure_policy,인프라,medium,,,,,,,,,,review_required,,,"※ 블록펀딩, 연구비목 개선, 행정부담 완화, 연구동 및 연구인프라 확충, 정주여건 개선 등"
CLS-SEED-DOC-POL-009-00238,paragraph_unit,PAR-DOC-POL-009-00238,DOC-POL-009,section8,95,bullet,yes,,,low,,,,,,,,,,review_required,,,ㅇ 아태이론물리센터를 기초과학(이론물리 확장)의 국제협력 거점 및 물리 분야 글로벌 신진연구인력 유치의 중심축으로 육성
CLS-SEED-DOC-POL-009-00239,paragraph_unit,PAR-DOC-POL-009-00239,DOC-POL-009,section8,96,bullet,yes,infrastructure_policy,센터,medium,,,,,,,,,,review_required,,,- 포스텍(대학/호스트기관) ↔ APCTP(연구소/아태센터) ↔ AAPPS*(국제학회/아시아태평양물리학회연합회)와의 연계를 통한 국제협력 시너지 창출
CLS-SEED-DOC-POL-009-00240,paragraph_unit,PAR-DOC-POL-009-00240,DOC-POL-009,section8,97,note,review,,,low,,,,,,,,,,review_required,,,"* 한국, 일본, 중국, 대만, 호주 등 20개국 21개 물리학회 참여하는 연합회"
CLS-SEED-DOC-POL-009-00241,paragraph_unit,PAR-DOC-POL-009-00241,DOC-POL-009,section8,98,note,review,infrastructure_policy,센터,medium,,,,,,,,,,review_required,,,"※ (센터 성과) 19개 회원국/36개 협정기관 보유, APEC 기초과학 인준센터, AAPPS 사무국(Headquater) 수행, 국제학술지 발간(Scopus, ESCI 등재, IF5.9 달성) 등"
CLS-SEED-DOC-POL-009-00242,paragraph_unit,PAR-DOC-POL-009-00242,DOC-POL-009,section8,99,bullet,yes,,,low,,,,,,,,,,review_required,,,"- 해외 우수 젊은 연구자를 유치*, 아태센터에 상주하도록 하여 국제공동연구를 통한 우수성과 창출 및 국내 정착 촉진"
CLS-SEED-DOC-POL-009-00243,paragraph_unit,PAR-DOC-POL-009-00243,DOC-POL-009,section8,100,note,review,,,low,,,,,,,,,,review_required,,,"* ‘96년 APEC 계기로 센터 출범 후, 37개국 글로벌 우수 인재 약 120명 배출"
CLS-SEED-DOC-POL-009-00244,paragraph_unit,PAR-DOC-POL-009-00244,DOC-POL-009,section8,101,note,review,,,low,,,,,,,,,,review_required,,,※ 아태이론물리센터의 인재유치 성과 점검 후 화학·수학 등 他 기초연구 분야로 확대
CLS-SEED-DOC-POL-009-00245,paragraph_unit,PAR-DOC-POL-009-00245,DOC-POL-009,section8,102,bullet,yes,infrastructure_policy,협의체,medium,,,,,,,,,,review_required,,,ㅇ (산·학·연·정 협의체) 각 분야의 최고 권위를 가진 민간 전문가들과의 협의체를 구성하여 기초연구 정책 전반에 대한 방향성 및 전략 논의
CLS-SEED-DOC-POL-009-00246,paragraph_unit,PAR-DOC-POL-009-00246,DOC-POL-009,section8,103,bullet,yes,infrastructure_policy,펀드,medium,,,,,,,,,,review_required,,,"- 논의된 내용을 바탕으로, 정부, 대기업 등 민간이 공동으로 전략적 기초연구 지원을 위한 ’매칭펀드‘를 조성하여 미래 먹거리 씨앗 창출"
CLS-SEED-DOC-POL-009-00247,paragraph_unit,PAR-DOC-POL-009-00247,DOC-POL-009,section8,104,bullet,yes,,,low,,,,,,,,,,review_required,,,"- 과제 평가, 전략 분야 지정 등은 민간에 맡기고 IP 등 연구성과 귀속에 관한 규정을 명확화함으로써 민간의 투자유인 제고"
CLS-SEED-DOC-POL-009-00248,paragraph_unit,PAR-DOC-POL-009-00248,DOC-POL-009,section8,105,bullet,yes,infrastructure_policy,제도,medium,,,,,,,,,,review_required,,,ㅇ (기업계약연구소) 기업이 계약을 통해 대학 내 우수 연구조직을 활용하는 (가칭)기업계약연구소 운영을 위한 제도·재정적 지원 추진
CLS-SEED-DOC-POL-009-00249,paragraph_unit,PAR-DOC-POL-009-00249,DOC-POL-009,section8,106,note,review,infrastructure_policy,제도,medium,,,,,,,,,,review_required,,,※ ｢기업부설연구소법｣에 따른 신규 인정유형으로 인증받을 수 있도록 제도 정비 검토
CLS-SEED-DOC-POL-009-00250,paragraph_unit,PAR-DOC-POL-009-00250,DOC-POL-009,section8,107,bullet,yes,talent,인력,medium,,,,,,,,,,review_required,,,"- 기업이 연구 활동을 위한 제반 비용(연구비, 인건비 등)을 부담하고, 대학에서 연구 공간과 인력 등을 제공"
CLS-SEED-DOC-POL-009-00251,paragraph_unit,PAR-DOC-POL-009-00251,DOC-POL-009,section8,108,bullet,yes,talent,인력|연구자,high,,,,,,,,,,review_required,,,- 기업계약연구소를 거점으로 기업-대학 간 연구인력 교류를 활성화하여 포닥 등 청년 연구자의 산업계 진출 촉진
CLS-SEED-DOC-POL-009-00252,paragraph_unit,PAR-DOC-POL-009-00252,DOC-POL-009,section8,109,heading,no,infrastructure_policy,인프라,medium,,,,,,,,,,review_required,auto_filtered=front_matter,,<중앙 거점형 인프라 구축>
CLS-SEED-DOC-POL-009-00253,paragraph_unit,PAR-DOC-POL-009-00253,DOC-POL-009,section8,110,bullet,yes,infrastructure_policy,인프라,medium,,,,,,,,,,review_required,,,"ㅇ (AI 인프라) 개별 연구실 단위의 분절적 AI 활용에서 벗어나, 중앙거점형 AI 연구 기반을 구축, 지속 가능한 기초연구AI 생태계 조성"
CLS-SEED-DOC-POL-009-00254,paragraph_unit,PAR-DOC-POL-009-00254,DOC-POL-009,section8,111,bullet,yes,infrastructure_policy,클러스터,medium,,,,,,,,,,review_required,,,- 최신 GPU(B200/A100 등) 300개 이상 규모의 핵심 클러스터 및 페타바이트(PB)급 데이터 저장·관리 시스템 구축
CLS-SEED-DOC-POL-009-00255,paragraph_unit,PAR-DOC-POL-009-00255,DOC-POL-009,section8,112,bullet,yes,talent,연구자,medium,,,,,,,,,,review_required,,,"ㅇ (통합 포털) 컴퓨팅 자원 할당, AI 모델 및 데이터 공유, 협업 환경 등을 원스톱으로 제공하는 연구자 친화적 통합 포털(가칭 'K-NAIRR') 구축"
CLS-SEED-DOC-POL-009-00256,paragraph_unit,PAR-DOC-POL-009-00256,DOC-POL-009,section8,113,bullet,yes,,,low,,,,,,,,,,review_required,,,- 실시간 모니터링 및 예측 기반의 동적 자원 배분을 통해 탄력적 자원 할당으로 연구 효율·접근성 극대화
CLS-SEED-DOC-POL-009-00257,paragraph_unit,PAR-DOC-POL-009-00257,DOC-POL-009,section8,114,bullet,yes,,,low,,,,,,,,,,review_required,,,"- 연구 과정에서 생성된 AI 모델과 정제된 데이터를 포털에 등록, 연구의 연속·확장성을 확보하고 연구자산의 체계적 축적·관리"
CLS-SEED-DOC-POL-009-00258,paragraph_unit,PAR-DOC-POL-009-00258,DOC-POL-009,section8,115,heading,no,technology,개발,medium,,,,,,,,,,review_required,auto_filtered=front_matter,,<대학 연구개발 지원>
CLS-SEED-DOC-POL-009-00259,paragraph_unit,PAR-DOC-POL-009-00259,DOC-POL-009,section8,116,bullet,yes,infrastructure_policy,인프라|센터,high,,,,,,,,,,review_required,,,"ㅇ (대학 연구 거점) 대학별 강점 연구 분야에 맞춰 ｢기초연구AI 센터｣를 지정(~’30년, 총 40개)하여 중앙 인프라와 대학 현장 연구자를 연계"
CLS-SEED-DOC-POL-009-00260,paragraph_unit,PAR-DOC-POL-009-00260,DOC-POL-009,section8,117,bullet,yes,talent,양성|교육|연구자,high,,,,,,,,,,review_required,,,"- AI에 대한 이해를 바탕으로 실제 연구에 적용하도록 교육과 연구를 통합 지원*하여 기초연구-AI 융합 연구자 양성(~‘30년, 총 2,000명)"
CLS-SEED-DOC-POL-009-00261,paragraph_unit,PAR-DOC-POL-009-00261,DOC-POL-009,section8,118,note,review,technology,개발,medium,,,,,,,,,,review_required,,,"* 융합 교과 과정 개발, 공동 연구프로젝트 수행 등"
CLS-SEED-DOC-POL-009-00262,paragraph_unit,PAR-DOC-POL-009-00262,DOC-POL-009,section8,119,bullet,yes,infrastructure_policy,센터,medium,,,,,,,,,,review_required,,,ㅇ (창의·도전적 연구) ｢기초연구AI 센터｣가 AI를 활용해 새로운 연구 영역·방법론을 개척할 수 있도록 패러다임을 바꿀 융합연구 촉진
CLS-SEED-DOC-POL-009-00263,paragraph_unit,PAR-DOC-POL-009-00263,DOC-POL-009,section8,120,bullet,yes,,,low,,,,,,,,,,review_required,,,"- 기존 Top-Down 방식에서 벗어나, 연구계 스스로 발굴(Bottom-Up)한 과학적 난제를 AI를 활용하여 해결하는 도전적 연구 지원"
CLS-SEED-DOC-POL-009-00264,paragraph_unit,PAR-DOC-POL-009-00264,DOC-POL-009,section8,121,heading,no,,,low,,,,,,,,,,review_required,auto_filtered=front_matter,,< 기초연구AI 생태계 모형(안) >
CLS-SEED-DOC-POL-009-00265,paragraph_unit,PAR-DOC-POL-009-00265,DOC-POL-009,section8,122,bullet,yes,,,low,,,,,,,,,,review_required,,,ㅇ (연구트렌드 분석) 각 대표 저널의 논문 데이터를 분석*하여 글로벌 연구트렌드를 감지하고 이를 각 학문 분야 정책 수립 과정에 활용
CLS-SEED-DOC-POL-009-00266,paragraph_unit,PAR-DOC-POL-009-00266,DOC-POL-009,section8,123,note,review,,,low,,,,,,,,,,review_required,,,"* 논문 데이터에서 ‘연구 주제(키워드)’ 추출(제목, 초록 등) → 시간에 따른 연구량 및 인용 횟수를 분석 → 가장 빠르게 성장하고 있는 연구 주제 도출"
CLS-SEED-DOC-POL-009-00267,paragraph_unit,PAR-DOC-POL-009-00267,DOC-POL-009,section8,124,bullet,yes,talent,연구자,medium,,,,,,,,,,review_required,,,"- 연구 주제의 변화추세를 분석하여 ‘미래 유망 연구트렌드’를 조망하고, 해당 분야에서 차세대 리더연구자를 발굴하여 선제적 지원"
CLS-SEED-DOC-POL-009-00268,paragraph_unit,PAR-DOC-POL-009-00268,DOC-POL-009,section8,125,bullet,yes,,,low,,,,,,,,,,review_required,,,"ㅇ (연구역량 비교) 학문 분야, 국가별로 논문 등 학술성과*를 비교하여 우리나라의 강점·취약 학문 분야와 그 추세를 분석"
CLS-SEED-DOC-POL-009-00269,paragraph_unit,PAR-DOC-POL-009-00269,DOC-POL-009,section8,126,note,review,talent,연구자,medium,,,,,,,,,,review_required,,,"* 상위 10%/1% 논문 수, 우수 연구자/연구기관 규모, 학술상 수상 이력 등 종합 비교"
CLS-SEED-DOC-POL-009-00270,paragraph_unit,PAR-DOC-POL-009-00270,DOC-POL-009,section8,127,note,review,talent,인력,medium,,,,,,,,,,review_required,,,"※ 필요시, 국가전략기술 분야 ‘글로벌 R&D전략/인력 지도’와도 연계·협력 추진"
CLS-SEED-DOC-POL-009-00271,paragraph_unit,PAR-DOC-POL-009-00271,DOC-POL-009,section8,128,bullet,yes,infrastructure_policy,지원체계,medium,,,,,,,,,,review_required,,,- 취약 분야에 대해 투자 규모를 확대하는 등 분야별 지원체계에 환류
CLS-SEED-DOC-POL-009-00272,paragraph_unit,PAR-DOC-POL-009-00272,DOC-POL-009,section8,129,bullet,yes,talent,인력|양성|전문인력,high,,,,,,,,,,review_required,,,ㅇ (전문인력 양성) 연구지원 업무가 단순 보조 영역이 아닌 ’전문가‘ 영역으로 정립되도록 직무 표준화 및 경력단계별 역량개발 체계 마련*
CLS-SEED-DOC-POL-009-00273,paragraph_unit,PAR-DOC-POL-009-00273,DOC-POL-009,section8,130,note,review,technology,개발,medium,,,,,,,,,,review_required,,,"* 표준 직무 분류체계 마련, 직무기술서 도출, 역량개발 로드맵 설계"
CLS-SEED-DOC-POL-009-00274,paragraph_unit,PAR-DOC-POL-009-00274,DOC-POL-009,section8,131,heading,no,talent,인력,medium,,,,,,,,,,review_required,auto_filtered=front_matter,,< 연구지원인력의 경력단계별 역할 및 업무(안) >
CLS-SEED-DOC-POL-009-00275,paragraph_unit,PAR-DOC-POL-009-00275,DOC-POL-009,section8,132,bullet,yes,talent,인력|교육,high,,,,,,,,,,review_required,,,"- 연구지원인력의 역량을 체계적으로 강화하기 위해 직무 표준을 설계하고, 장기적으로 모듈형* 교육 프로그램 개발 및 인증자격 도입 등 검토"
CLS-SEED-DOC-POL-009-00276,paragraph_unit,PAR-DOC-POL-009-00276,DOC-POL-009,section8,133,note,review,,,low,,,,,,,,,,review_required,,,"* 모듈형 구조 : 각 과목이 독립된 단위(module)로 구성되어 있으며, 학습자는 필요한 모듈만 선택해 이수(예: 연구비 관리, 연구윤리, 데이터 관리, 연구성과 확산 등)"
CLS-SEED-DOC-POL-009-00277,paragraph_unit,PAR-DOC-POL-009-00277,DOC-POL-009,section8,134,bullet,yes,talent,인력|교육,high,,,,,,,,,,review_required,,,"- 특히, 연구장비 운용, 유지·보수 및 데이터 분석을 담당하는 ’테크니션‘을 연구지원인력의 핵심 직군으로 육성하고 교육 프로그램* 강화"
CLS-SEED-DOC-POL-009-00278,paragraph_unit,PAR-DOC-POL-009-00278,DOC-POL-009,section8,135,note,review,talent,인력|양성|교육|전문인력,high,,,,,,,,,,review_required,,,"* 연구장비 전문인력양성 사업(장비 운용·관리, 데이터 해석 등): 11개 교육기관 운영 중"
CLS-SEED-DOC-POL-009-00279,paragraph_unit,PAR-DOC-POL-009-00279,DOC-POL-009,section8,136,bullet,yes,,,low,,,,,,,,,,review_required,,,"ㅇ (인력 활용) 대학 연구기반 강화를 위한 블록펀딩 도입에 발맞춰, 일정 비율 이상을 대학 내 연구지원체계 선진화*에 투자하도록 할당"
CLS-SEED-DOC-POL-009-00280,paragraph_unit,PAR-DOC-POL-009-00280,DOC-POL-009,section8,137,note,review,talent,인력|교육|채용|전문인력,high,,,,,,,,,,review_required,,,"* 기존 연구행정 인력의 직무 세분화(연구비 집행 및 과제 관리, 연구성과 관리, 연구윤리) 및 경력경로 개발, 신규 전문인력 채용, 대학 내 교육 프로그램 설계·운용 등"
CLS-SEED-DOC-POL-009-00281,paragraph_unit,PAR-DOC-POL-009-00281,DOC-POL-009,section8,138,bullet,yes,talent,인력|연구자,high,,,,,,,,,,review_required,,,"- 대학 내 연구자와 연구지원인력 간 협업체계를 활성화하고, 교원의 행정업무 시간 감소, 만족도 등을 성과지표로 설정하여 관리"
CLS-SEED-DOC-POL-009-00282,paragraph_unit,PAR-DOC-POL-009-00282,DOC-POL-009,section8,139,bullet,yes,,,low,,,,,,,,,,review_required,,,ㅇ (연구 몰입 보장) 창의적 연구에 몰입하여 장기·안정적으로 연구할 수 있도록 개인기초 신규 과제부터 단계평가 사실상 폐지
CLS-SEED-DOC-POL-009-00283,paragraph_unit,PAR-DOC-POL-009-00283,DOC-POL-009,section8,140,note,review,,,low,,,,,,,,,,review_required,,,"※ 단, 중요성이 인정되거나 연구 수행에 이슈가 있는 과제에 대해서는 연차보고서 정밀 분석 및 특별평가 등을 실시, 그 결과를 추후 선정평가에 환류"
CLS-SEED-DOC-POL-009-00284,paragraph_unit,PAR-DOC-POL-009-00284,DOC-POL-009,section8,141,bullet,yes,talent,연구자,medium,,,,,,,,,,review_required,,,"ㅇ (연구자 부담 경감) 일부 유형*의 선정평가 단계를 축소하거나, 연구계획서 분량·양식을 간소화**하는 등 연구자의 평가 부담 완화"
CLS-SEED-DOC-POL-009-00285,paragraph_unit,PAR-DOC-POL-009-00285,DOC-POL-009,section8,142,note,review,,,low,,,,,,,,,,review_required,,,"* [핵심연구(유형C), 기초연구실(BRL)] 2단계(토론-발표)에서 1단계(토론)으로 축소"
CLS-SEED-DOC-POL-009-00286,paragraph_unit,PAR-DOC-POL-009-00286,DOC-POL-009,section8,143,note,review,,,low,,,,,,,,,,review_required,,,"** [전략형·도전형] 본 평가에 앞서, 간소화된 예비계획서(2P 내외)를 접수하여 예비 심사 추진"
CLS-SEED-DOC-POL-009-00287,paragraph_unit,PAR-DOC-POL-009-00287,DOC-POL-009,section8,144,bullet,yes,technology,공정,medium,,,,,,,,,,review_required,,,"ㅇ (전문성 강화) 평가위원 추천, 과제 차별성 검토, 서면 평가 등 평가 전반에 AI 기술을 도입하여 평가의 전문성·공정성을 강화"
CLS-SEED-DOC-POL-009-00288,paragraph_unit,PAR-DOC-POL-009-00288,DOC-POL-009,section8,145,heading,no,,,low,,,,,,,,,,review_required,auto_filtered=front_matter,,< 기초연구사업 평가 시 AI 도입에 따른 개선방안(예시) >
CLS-SEED-DOC-POL-009-00289,paragraph_unit,PAR-DOC-POL-009-00289,DOC-POL-009,section8,146,bullet,yes,talent,연구자,medium,,,,,,,,,,review_required,,,"- 특히, 기본연구 선정평가 과정에 AI를 우선 적용하여 연구 주제·계획의 차별성, 연구자 업적 등 Formula에 기반한 평가를 추진"
CLS-SEED-DOC-POL-009-00290,paragraph_unit,PAR-DOC-POL-009-00290,DOC-POL-009,section8,147,bullet,yes,technology,고도화,medium,,,,,,,,,,review_required,,,"- 신기술 등장, 연구트렌드 변화 등에 발맞춰 RB 분야를 고도화하고, 전문위원 규모와 연구역량이 검증된 핵심평가위원 Pool도 지속 확대"
CLS-SEED-DOC-POL-009-00291,paragraph_unit,PAR-DOC-POL-009-00291,DOC-POL-009,section8,148,note,review,,,low,,,,,,,,,,review_required,,,"※ (참고) 현재, 5개 학문단, 23개 CRB 분야, 137개 RB 분야 운영 중"
CLS-SEED-DOC-POL-009-00292,paragraph_unit,PAR-DOC-POL-009-00292,DOC-POL-009,section8,149,bullet,yes,,,low,,,,,,,,,,review_required,,,ㅇ (신뢰도 증진) 리더연구·집단연구의 평가 방식을 ’합의 기반 추천제‘에서 ’개별 점수제‘로 전환하는 등 평가 결과에 대한 피평가자의 신뢰 증진
