policy_item_taxonomy_map_id,policy_item_id,taxonomy_type,term_id,is_primary,confidence,review_status,notes
PIT-ITM-POL-002-00001-STR-01,ITM-POL-002-00001,strategy,STR-003,1,medium,auto_mapped,score=9
PIT-ITM-POL-002-00002-STR-01,ITM-POL-002-00002,strategy,STR-003,1,medium,auto_mapped,score=6
PIT-ITM-POL-002-00003-STR-01,ITM-POL-002-00003,strategy,STR-003,1,medium,auto_mapped,score=9
PIT-ITM-POL-002-00004-STR-01,ITM-POL-002-00004,strategy,STR-003,1,medium,auto_mapped,score=6
PIT-ITM-POL-002-00005-STR-01,ITM-POL-002-00005,strategy,STR-003,1,medium,auto_mapped,score=9
PIT-ITM-POL-002-00006-STR-01,ITM-POL-002-00006,strategy,STR-003,1,medium,auto_mapped,score=6
PIT-ITM-POL-002-00007-STR-01,ITM-POL-002-00007,strategy,STR-003,1,medium,auto_mapped,score=9
PIT-ITM-POL-002-00008-STR-01,ITM-POL-002-00008,strategy,STR-003,1,medium,auto_mapped,score=6
PIT-ITM-POL-002-00009-STR-01,ITM-POL-002-00009,strategy,STR-003,1,high,auto_mapped,score=12
PIT-ITM-POL-002-00010-STR-01,ITM-POL-002-00010,strategy,STR-003,1,medium,auto_mapped,score=9
PIT-ITM-POL-002-00011-STR-01,ITM-POL-002-00011,strategy,STR-003,1,medium,auto_mapped,score=9
PIT-ITM-POL-002-00012-STR-01,ITM-POL-002-00012,strategy,STR-003,1,medium,auto_mapped,score=9
PIT-ITM-POL-002-00013-STR-01,ITM-POL-002-00013,strategy,STR-003,1,medium,auto_mapped,score=9
PIT-ITM-POL-002-00014-STR-01,ITM-POL-002-00014,strategy,STR-003,1,medium,auto_mapped,score=9
PIT-ITM-POL-002-00015-STR-01,ITM-POL-002-00015,strategy,STR-003,1,high,auto_mapped,score=12
PIT-ITM-POL-002-00016-STR-01,ITM-POL-002-00016,strategy,STR-003,1,medium,auto_mapped,score=9
PIT-ITM-POL-002-00017-STR-01,ITM-POL-002-00017,strategy,STR-003,1,medium,auto_mapped,score=9
PIT-ITM-POL-002-00018-STR-01,ITM-POL-002-00018,strategy,STR-003,1,high,auto_mapped,score=12
PIT-ITM-POL-002-00019-STR-01,ITM-POL-002-00019,strategy,STR-003,1,high,auto_mapped,score=12
PIT-ITM-POL-002-00020-STR-01,ITM-POL-002-00020,strategy,STR-003,1,high,auto_mapped,score=12
PIT-ITM-POL-002-00021-STR-01,ITM-POL-002-00021,strategy,STR-003,1,medium,auto_mapped,score=9
PIT-ITM-POL-002-00022-STR-01,ITM-POL-002-00022,strategy,STR-003,1,medium,auto_mapped,score=6
PIT-ITM-POL-002-00023-STR-01,ITM-POL-002-00023,strategy,STR-013,1,high,auto_mapped,score=10
PIT-ITM-POL-002-00023-STR-02,ITM-POL-002-00023,strategy,STR-003,0,medium,auto_mapped,score=9
PIT-ITM-POL-002-00024-STR-01,ITM-POL-002-00024,strategy,STR-003,1,medium,auto_mapped,score=6
PIT-ITM-POL-002-00025-STR-01,ITM-POL-002-00025,strategy,STR-003,1,high,auto_mapped,score=12
PIT-ITM-POL-002-00026-STR-01,ITM-POL-002-00026,strategy,STR-003,1,medium,auto_mapped,score=6
PIT-ITM-POL-002-00027-STR-01,ITM-POL-002-00027,strategy,STR-003,1,medium,auto_mapped,score=9
PIT-ITM-POL-002-00028-STR-01,ITM-POL-002-00028,strategy,STR-003,1,medium,auto_mapped,score=6
PIT-ITM-POL-002-00029-STR-01,ITM-POL-002-00029,strategy,STR-003,1,medium,auto_mapped,score=9
PIT-ITM-POL-002-00030-STR-01,ITM-POL-002-00030,strategy,STR-003,1,medium,auto_mapped,score=9
PIT-ITM-POL-002-00031-STR-01,ITM-POL-002-00031,strategy,STR-003,1,medium,auto_mapped,score=9
PIT-ITM-POL-002-00032-STR-01,ITM-POL-002-00032,strategy,STR-003,1,medium,auto_mapped,score=9
PIT-ITM-POL-002-00033-STR-01,ITM-POL-002-00033,strategy,STR-003,1,medium,auto_mapped,score=9
PIT-ITM-POL-002-00034-STR-01,ITM-POL-002-00034,strategy,STR-003,1,medium,auto_mapped,score=6
PIT-ITM-POL-002-00035-STR-01,ITM-POL-002-00035,strategy,STR-003,1,medium,auto_mapped,score=9
PIT-ITM-POL-002-00036-STR-01,ITM-POL-002-00036,strategy,STR-003,1,medium,auto_mapped,score=9
PIT-ITM-POL-002-00037-STR-01,ITM-POL-002-00037,strategy,STR-003,1,medium,auto_mapped,score=9
PIT-ITM-POL-002-00038-STR-01,ITM-POL-002-00038,strategy,STR-003,1,medium,auto_mapped,score=9
PIT-ITM-POL-002-00039-STR-01,ITM-POL-002-00039,strategy,STR-003,1,medium,auto_mapped,score=9
PIT-ITM-POL-002-00040-STR-01,ITM-POL-002-00040,strategy,STR-003,1,medium,auto_mapped,score=9
PIT-ITM-POL-002-00041-STR-01,ITM-POL-002-00041,strategy,STR-003,1,medium,auto_mapped,score=9
PIT-ITM-POL-002-00042-STR-01,ITM-POL-002-00042,strategy,STR-003,1,medium,auto_mapped,score=6
PIT-ITM-POL-002-00043-STR-01,ITM-POL-002-00043,strategy,STR-003,1,medium,auto_mapped,score=9
PIT-ITM-POL-002-00044-STR-01,ITM-POL-002-00044,strategy,STR-003,1,medium,auto_mapped,score=9
PIT-ITM-POL-002-00045-STR-01,ITM-POL-002-00045,strategy,STR-003,1,medium,auto_mapped,score=9
PIT-ITM-POL-002-00046-STR-01,ITM-POL-002-00046,strategy,STR-003,1,medium,auto_mapped,score=6
PIT-ITM-POL-002-00047-STR-01,ITM-POL-002-00047,strategy,STR-003,1,medium,auto_mapped,score=6
PIT-ITM-POL-002-00048-STR-01,ITM-POL-002-00048,strategy,STR-003,1,medium,auto_mapped,score=6
PIT-ITM-POL-002-00049-STR-01,ITM-POL-002-00049,strategy,STR-003,1,medium,auto_mapped,score=6
PIT-ITM-POL-002-00050-STR-01,ITM-POL-002-00050,strategy,STR-003,1,medium,auto_mapped,score=9
PIT-ITM-POL-002-00051-STR-01,ITM-POL-002-00051,strategy,STR-003,1,medium,auto_mapped,score=6
PIT-ITM-POL-002-00052-STR-01,ITM-POL-002-00052,strategy,STR-003,1,medium,auto_mapped,score=6
PIT-ITM-POL-002-00053-STR-01,ITM-POL-002-00053,strategy,STR-003,1,medium,auto_mapped,score=6
PIT-ITM-POL-002-00054-STR-01,ITM-POL-002-00054,strategy,STR-003,1,medium,auto_mapped,score=6
PIT-ITM-POL-002-00055-STR-01,ITM-POL-002-00055,strategy,STR-003,1,medium,auto_mapped,score=6
PIT-ITM-POL-002-00056-STR-01,ITM-POL-002-00056,strategy,STR-003,1,medium,auto_mapped,score=9
PIT-ITM-POL-002-00057-STR-01,ITM-POL-002-00057,strategy,STR-003,1,medium,auto_mapped,score=9
PIT-ITM-POL-002-00058-STR-01,ITM-POL-002-00058,strategy,STR-003,1,high,auto_mapped,score=12
PIT-ITM-POL-002-00059-STR-01,ITM-POL-002-00059,strategy,STR-003,1,high,auto_mapped,score=12
PIT-ITM-POL-002-00060-STR-01,ITM-POL-002-00060,strategy,STR-003,1,medium,auto_mapped,score=9
PIT-ITM-POL-002-00061-STR-01,ITM-POL-002-00061,strategy,STR-003,1,medium,auto_mapped,score=6
PIT-ITM-POL-002-00062-STR-01,ITM-POL-002-00062,strategy,STR-003,1,medium,auto_mapped,score=9
PIT-ITM-POL-002-00062-STR-02,ITM-POL-002-00062,strategy,STR-008,0,medium,auto_mapped,score=7
PIT-ITM-POL-002-00063-STR-01,ITM-POL-002-00063,strategy,STR-003,1,medium,auto_mapped,score=6
PIT-ITM-POL-002-00064-STR-01,ITM-POL-002-00064,strategy,STR-003,1,medium,auto_mapped,score=6
PIT-ITM-POL-002-00065-STR-01,ITM-POL-002-00065,strategy,STR-003,1,medium,auto_mapped,score=9
PIT-ITM-POL-002-00066-STR-01,ITM-POL-002-00066,strategy,STR-003,1,high,auto_mapped,score=12
PIT-ITM-POL-002-00067-STR-01,ITM-POL-002-00067,strategy,STR-003,1,medium,auto_mapped,score=9
PIT-ITM-POL-002-00068-STR-01,ITM-POL-002-00068,strategy,STR-003,1,medium,auto_mapped,score=9
PIT-ITM-POL-002-00069-STR-01,ITM-POL-002-00069,strategy,STR-003,1,medium,auto_mapped,score=9
PIT-ITM-POL-002-00070-STR-01,ITM-POL-002-00070,strategy,STR-003,1,medium,auto_mapped,score=9
PIT-ITM-POL-002-00071-STR-01,ITM-POL-002-00071,strategy,STR-003,1,medium,auto_mapped,score=9
PIT-ITM-POL-002-00072-STR-01,ITM-POL-002-00072,strategy,STR-003,1,medium,auto_mapped,score=9
PIT-ITM-POL-002-00073-STR-01,ITM-POL-002-00073,strategy,STR-003,1,medium,auto_mapped,score=9
PIT-ITM-POL-002-00074-STR-01,ITM-POL-002-00074,strategy,STR-003,1,medium,auto_mapped,score=9
PIT-ITM-POL-002-00075-STR-01,ITM-POL-002-00075,strategy,STR-003,1,medium,auto_mapped,score=9
PIT-ITM-POL-002-00076-STR-01,ITM-POL-002-00076,strategy,STR-003,1,medium,auto_mapped,score=9
PIT-ITM-POL-002-00077-STR-01,ITM-POL-002-00077,strategy,STR-003,1,medium,auto_mapped,score=9
PIT-ITM-POL-002-00078-STR-01,ITM-POL-002-00078,strategy,STR-003,1,high,auto_mapped,score=12
PIT-ITM-POL-002-00079-STR-01,ITM-POL-002-00079,strategy,STR-003,1,medium,auto_mapped,score=9
PIT-ITM-POL-002-00080-STR-01,ITM-POL-002-00080,strategy,STR-003,1,medium,auto_mapped,score=6
PIT-ITM-POL-002-00081-STR-01,ITM-POL-002-00081,strategy,STR-003,1,medium,auto_mapped,score=9
PIT-ITM-POL-002-00082-STR-01,ITM-POL-002-00082,strategy,STR-003,1,medium,auto_mapped,score=6
PIT-ITM-POL-002-00082-STR-02,ITM-POL-002-00082,strategy,STR-004,0,medium,auto_mapped,score=4
PIT-ITM-POL-002-00083-STR-01,ITM-POL-002-00083,strategy,STR-003,1,high,auto_mapped,score=12
PIT-ITM-POL-002-00084-STR-01,ITM-POL-002-00084,strategy,STR-003,1,medium,auto_mapped,score=9
PIT-ITM-POL-002-00085-STR-01,ITM-POL-002-00085,strategy,STR-003,1,medium,auto_mapped,score=6
PIT-ITM-POL-002-00086-STR-01,ITM-POL-002-00086,strategy,STR-003,1,medium,auto_mapped,score=9
PIT-ITM-POL-002-00087-STR-01,ITM-POL-002-00087,strategy,STR-003,1,medium,auto_mapped,score=9
PIT-ITM-POL-002-00088-STR-01,ITM-POL-002-00088,strategy,STR-003,1,medium,auto_mapped,score=9
PIT-ITM-POL-002-00089-STR-01,ITM-POL-002-00089,strategy,STR-003,1,medium,auto_mapped,score=9
PIT-ITM-POL-002-00090-STR-01,ITM-POL-002-00090,strategy,STR-003,1,medium,auto_mapped,score=6
PIT-ITM-POL-002-00091-STR-01,ITM-POL-002-00091,strategy,STR-008,1,high,auto_mapped,score=10
PIT-ITM-POL-002-00091-STR-02,ITM-POL-002-00091,strategy,STR-003,0,medium,auto_mapped,score=9
PIT-ITM-POL-002-00092-STR-01,ITM-POL-002-00092,strategy,STR-003,1,medium,auto_mapped,score=9
PIT-ITM-POL-002-00093-STR-01,ITM-POL-002-00093,strategy,STR-003,1,medium,auto_mapped,score=9
PIT-ITM-POL-002-00094-STR-01,ITM-POL-002-00094,strategy,STR-003,1,medium,auto_mapped,score=9
PIT-ITM-POL-002-00095-STR-01,ITM-POL-002-00095,strategy,STR-003,1,medium,auto_mapped,score=6
PIT-ITM-POL-002-00096-STR-01,ITM-POL-002-00096,strategy,STR-003,1,medium,auto_mapped,score=9
PIT-ITM-POL-002-00096-STR-02,ITM-POL-002-00096,strategy,STR-008,0,medium,auto_mapped,score=7
PIT-ITM-POL-002-00097-STR-01,ITM-POL-002-00097,strategy,STR-003,1,high,auto_mapped,score=12
PIT-ITM-POL-002-00098-STR-01,ITM-POL-002-00098,strategy,STR-003,1,medium,auto_mapped,score=9
PIT-ITM-POL-002-00099-STR-01,ITM-POL-002-00099,strategy,STR-003,1,medium,auto_mapped,score=9
PIT-ITM-POL-002-00100-STR-01,ITM-POL-002-00100,strategy,STR-003,1,medium,auto_mapped,score=9
PIT-ITM-POL-002-00101-STR-01,ITM-POL-002-00101,strategy,STR-003,1,medium,auto_mapped,score=6
PIT-ITM-POL-002-00102-STR-01,ITM-POL-002-00102,strategy,STR-003,1,medium,auto_mapped,score=9
PIT-ITM-POL-002-00103-STR-01,ITM-POL-002-00103,strategy,STR-003,1,medium,auto_mapped,score=6
PIT-ITM-POL-002-00104-STR-01,ITM-POL-002-00104,strategy,STR-003,1,medium,auto_mapped,score=6
PIT-ITM-POL-002-00105-STR-01,ITM-POL-002-00105,strategy,STR-003,1,medium,auto_mapped,score=6
PIT-ITM-POL-002-00106-STR-01,ITM-POL-002-00106,strategy,STR-003,1,medium,auto_mapped,score=6
PIT-ITM-POL-002-00107-STR-01,ITM-POL-002-00107,strategy,STR-010,1,high,auto_mapped,score=13
PIT-ITM-POL-002-00108-STR-01,ITM-POL-002-00108,strategy,STR-003,1,medium,auto_mapped,score=9
PIT-ITM-POL-002-00109-STR-01,ITM-POL-002-00109,strategy,STR-003,1,medium,auto_mapped,score=6
PIT-ITM-POL-002-00110-STR-01,ITM-POL-002-00110,strategy,STR-003,1,medium,auto_mapped,score=6
PIT-ITM-POL-002-00111-STR-01,ITM-POL-002-00111,strategy,STR-003,1,medium,auto_mapped,score=6
PIT-ITM-POL-002-00112-STR-01,ITM-POL-002-00112,strategy,STR-003,1,medium,auto_mapped,score=6
PIT-ITM-POL-002-00113-STR-01,ITM-POL-002-00113,strategy,STR-003,1,medium,auto_mapped,score=6
PIT-ITM-POL-002-00114-STR-01,ITM-POL-002-00114,strategy,STR-003,1,medium,auto_mapped,score=6
PIT-ITM-POL-002-00115-STR-01,ITM-POL-002-00115,strategy,STR-003,1,medium,auto_mapped,score=9
PIT-ITM-POL-002-00116-STR-01,ITM-POL-002-00116,strategy,STR-003,1,medium,auto_mapped,score=9
PIT-ITM-POL-003-00117-STR-01,ITM-POL-003-00117,strategy,STR-001,1,medium,auto_mapped,score=6
PIT-ITM-POL-003-00118-STR-01,ITM-POL-003-00118,strategy,STR-001,1,medium,auto_mapped,score=6
PIT-ITM-POL-003-00119-STR-01,ITM-POL-003-00119,strategy,STR-001,1,medium,auto_mapped,score=6
PIT-ITM-POL-003-00120-STR-01,ITM-POL-003-00120,strategy,STR-001,1,medium,auto_mapped,score=6
PIT-ITM-POL-003-00121-STR-01,ITM-POL-003-00121,strategy,STR-001,1,medium,auto_mapped,score=6
PIT-ITM-POL-003-00122-STR-01,ITM-POL-003-00122,strategy,STR-001,1,medium,auto_mapped,score=8
PIT-ITM-POL-003-00123-STR-01,ITM-POL-003-00123,strategy,STR-001,1,medium,auto_mapped,score=6
PIT-ITM-POL-003-00124-STR-01,ITM-POL-003-00124,strategy,STR-001,1,medium,auto_mapped,score=6
PIT-ITM-POL-003-00125-STR-01,ITM-POL-003-00125,strategy,STR-001,1,medium,auto_mapped,score=6
PIT-ITM-POL-003-00126-STR-01,ITM-POL-003-00126,strategy,STR-001,1,medium,auto_mapped,score=6
PIT-ITM-POL-003-00126-STR-02,ITM-POL-003-00126,strategy,STR-003,0,medium,auto_mapped,score=5
PIT-ITM-POL-003-00127-STR-01,ITM-POL-003-00127,strategy,STR-001,1,medium,auto_mapped,score=6
PIT-ITM-POL-003-00128-STR-01,ITM-POL-003-00128,strategy,STR-001,1,medium,auto_mapped,score=6
PIT-ITM-POL-003-00129-STR-01,ITM-POL-003-00129,strategy,STR-001,1,medium,auto_mapped,score=6
PIT-ITM-POL-003-00130-STR-01,ITM-POL-003-00130,strategy,STR-001,1,medium,auto_mapped,score=6
PIT-ITM-POL-003-00131-STR-01,ITM-POL-003-00131,strategy,STR-001,1,medium,auto_mapped,score=6
PIT-ITM-POL-003-00132-STR-01,ITM-POL-003-00132,strategy,STR-001,1,medium,auto_mapped,score=6
PIT-ITM-POL-003-00133-STR-01,ITM-POL-003-00133,strategy,STR-001,1,medium,auto_mapped,score=8
PIT-ITM-POL-003-00134-STR-01,ITM-POL-003-00134,strategy,STR-001,1,medium,auto_mapped,score=6
PIT-ITM-POL-003-00135-STR-01,ITM-POL-003-00135,strategy,STR-001,1,medium,auto_mapped,score=6
PIT-ITM-POL-003-00136-STR-01,ITM-POL-003-00136,strategy,STR-001,1,medium,auto_mapped,score=6
PIT-ITM-POL-003-00137-STR-01,ITM-POL-003-00137,strategy,STR-001,1,medium,auto_mapped,score=8
PIT-ITM-POL-003-00138-STR-01,ITM-POL-003-00138,strategy,STR-001,1,medium,auto_mapped,score=6
PIT-ITM-POL-003-00138-STR-02,ITM-POL-003-00138,strategy,STR-003,0,medium,auto_mapped,score=5
PIT-ITM-POL-003-00139-STR-01,ITM-POL-003-00139,strategy,STR-001,1,medium,auto_mapped,score=6
PIT-ITM-POL-003-00140-STR-01,ITM-POL-003-00140,strategy,STR-001,1,medium,auto_mapped,score=8
PIT-ITM-POL-003-00141-STR-01,ITM-POL-003-00141,strategy,STR-001,1,medium,auto_mapped,score=6
PIT-ITM-POL-003-00142-STR-01,ITM-POL-003-00142,strategy,STR-001,1,medium,auto_mapped,score=6
PIT-ITM-POL-003-00143-STR-01,ITM-POL-003-00143,strategy,STR-001,1,medium,auto_mapped,score=6
PIT-ITM-POL-003-00144-STR-01,ITM-POL-003-00144,strategy,STR-001,1,medium,auto_mapped,score=6
PIT-ITM-POL-003-00145-STR-01,ITM-POL-003-00145,strategy,STR-001,1,medium,auto_mapped,score=6
PIT-ITM-POL-003-00146-STR-01,ITM-POL-003-00146,strategy,STR-001,1,medium,auto_mapped,score=6
PIT-ITM-POL-003-00147-STR-01,ITM-POL-003-00147,strategy,STR-001,1,medium,auto_mapped,score=6
PIT-ITM-POL-003-00148-STR-01,ITM-POL-003-00148,strategy,STR-001,1,medium,auto_mapped,score=6
PIT-ITM-POL-003-00149-STR-01,ITM-POL-003-00149,strategy,STR-001,1,medium,auto_mapped,score=6
PIT-ITM-POL-003-00150-STR-01,ITM-POL-003-00150,strategy,STR-001,1,medium,auto_mapped,score=6
PIT-ITM-POL-003-00151-STR-01,ITM-POL-003-00151,strategy,STR-001,1,medium,auto_mapped,score=6
PIT-ITM-POL-003-00152-STR-01,ITM-POL-003-00152,strategy,STR-001,1,medium,auto_mapped,score=6
PIT-ITM-POL-003-00153-STR-01,ITM-POL-003-00153,strategy,STR-001,1,medium,auto_mapped,score=6
PIT-ITM-POL-003-00154-STR-01,ITM-POL-003-00154,strategy,STR-001,1,medium,auto_mapped,score=6
PIT-ITM-POL-003-00155-STR-01,ITM-POL-003-00155,strategy,STR-001,1,medium,auto_mapped,score=6
PIT-ITM-POL-003-00156-STR-01,ITM-POL-003-00156,strategy,STR-001,1,medium,auto_mapped,score=6
PIT-ITM-POL-003-00157-STR-01,ITM-POL-003-00157,strategy,STR-001,1,medium,auto_mapped,score=6
PIT-ITM-POL-003-00158-STR-01,ITM-POL-003-00158,strategy,STR-001,1,medium,auto_mapped,score=6
PIT-ITM-POL-003-00159-STR-01,ITM-POL-003-00159,strategy,STR-001,1,medium,auto_mapped,score=6
PIT-ITM-POL-003-00159-STR-02,ITM-POL-003-00159,strategy,STR-003,0,medium,auto_mapped,score=5
PIT-ITM-POL-003-00160-STR-01,ITM-POL-003-00160,strategy,STR-001,1,medium,auto_mapped,score=6
PIT-ITM-POL-003-00161-STR-01,ITM-POL-003-00161,strategy,STR-001,1,medium,auto_mapped,score=6
PIT-ITM-POL-003-00162-STR-01,ITM-POL-003-00162,strategy,STR-001,1,medium,auto_mapped,score=6
PIT-ITM-POL-003-00163-STR-01,ITM-POL-003-00163,strategy,STR-001,1,medium,auto_mapped,score=6
PIT-ITM-POL-003-00164-STR-01,ITM-POL-003-00164,strategy,STR-001,1,medium,auto_mapped,score=6
PIT-ITM-POL-003-00164-STR-02,ITM-POL-003-00164,strategy,STR-003,0,medium,auto_mapped,score=5
PIT-ITM-POL-003-00165-STR-01,ITM-POL-003-00165,strategy,STR-001,1,medium,auto_mapped,score=6
PIT-ITM-POL-003-00166-STR-01,ITM-POL-003-00166,strategy,STR-001,1,medium,auto_mapped,score=6
PIT-ITM-POL-003-00167-STR-01,ITM-POL-003-00167,strategy,STR-001,1,medium,auto_mapped,score=6
PIT-ITM-POL-003-00168-STR-01,ITM-POL-003-00168,strategy,STR-001,1,medium,auto_mapped,score=6
PIT-ITM-POL-003-00169-STR-01,ITM-POL-003-00169,strategy,STR-001,1,medium,auto_mapped,score=6
PIT-ITM-POL-003-00170-STR-01,ITM-POL-003-00170,strategy,STR-001,1,medium,auto_mapped,score=6
PIT-ITM-POL-003-00171-STR-01,ITM-POL-003-00171,strategy,STR-001,1,medium,auto_mapped,score=6
PIT-ITM-POL-003-00172-STR-01,ITM-POL-003-00172,strategy,STR-001,1,medium,auto_mapped,score=6
PIT-ITM-POL-003-00173-STR-01,ITM-POL-003-00173,strategy,STR-001,1,medium,auto_mapped,score=6
PIT-ITM-POL-003-00174-STR-01,ITM-POL-003-00174,strategy,STR-001,1,medium,auto_mapped,score=6
PIT-ITM-POL-003-00175-STR-01,ITM-POL-003-00175,strategy,STR-001,1,medium,auto_mapped,score=6
PIT-ITM-POL-003-00176-STR-01,ITM-POL-003-00176,strategy,STR-001,1,medium,auto_mapped,score=6
PIT-ITM-POL-003-00176-STR-02,ITM-POL-003-00176,strategy,STR-011,0,medium,auto_mapped,score=5
PIT-ITM-POL-003-00177-STR-01,ITM-POL-003-00177,strategy,STR-001,1,medium,auto_mapped,score=6
PIT-ITM-POL-003-00178-STR-01,ITM-POL-003-00178,strategy,STR-001,1,medium,auto_mapped,score=6
PIT-ITM-POL-003-00179-STR-01,ITM-POL-003-00179,strategy,STR-001,1,medium,auto_mapped,score=6
PIT-ITM-POL-003-00180-STR-01,ITM-POL-003-00180,strategy,STR-001,1,medium,auto_mapped,score=6
PIT-ITM-POL-003-00181-STR-01,ITM-POL-003-00181,strategy,STR-001,1,medium,auto_mapped,score=6
PIT-ITM-POL-003-00182-STR-01,ITM-POL-003-00182,strategy,STR-001,1,medium,auto_mapped,score=6
PIT-ITM-POL-003-00183-STR-01,ITM-POL-003-00183,strategy,STR-001,1,medium,auto_mapped,score=6
PIT-ITM-POL-003-00184-STR-01,ITM-POL-003-00184,strategy,STR-001,1,medium,auto_mapped,score=6
PIT-ITM-POL-003-00185-STR-01,ITM-POL-003-00185,strategy,STR-001,1,medium,auto_mapped,score=6
PIT-ITM-POL-003-00186-STR-01,ITM-POL-003-00186,strategy,STR-001,1,medium,auto_mapped,score=6
PIT-ITM-POL-003-00187-STR-01,ITM-POL-003-00187,strategy,STR-001,1,medium,auto_mapped,score=6
PIT-ITM-POL-003-00188-STR-01,ITM-POL-003-00188,strategy,STR-001,1,medium,auto_mapped,score=6
PIT-ITM-POL-003-00189-STR-01,ITM-POL-003-00189,strategy,STR-001,1,medium,auto_mapped,score=6
PIT-ITM-POL-003-00190-STR-01,ITM-POL-003-00190,strategy,STR-001,1,medium,auto_mapped,score=6
PIT-ITM-POL-003-00191-STR-01,ITM-POL-003-00191,strategy,STR-001,1,medium,auto_mapped,score=6
PIT-ITM-POL-003-00192-STR-01,ITM-POL-003-00192,strategy,STR-001,1,medium,auto_mapped,score=6
PIT-ITM-POL-003-00193-STR-01,ITM-POL-003-00193,strategy,STR-001,1,medium,auto_mapped,score=8
PIT-ITM-POL-003-00194-STR-01,ITM-POL-003-00194,strategy,STR-001,1,medium,auto_mapped,score=6
PIT-ITM-POL-004-00195-STR-01,ITM-POL-004-00195,strategy,STR-004,1,high,auto_mapped,score=14
PIT-ITM-POL-004-00196-STR-01,ITM-POL-004-00196,strategy,STR-004,1,medium,auto_mapped,score=6
PIT-ITM-POL-004-00197-STR-01,ITM-POL-004-00197,strategy,STR-004,1,high,auto_mapped,score=14
PIT-ITM-POL-004-00198-STR-01,ITM-POL-004-00198,strategy,STR-004,1,high,auto_mapped,score=11
PIT-ITM-POL-004-00199-STR-01,ITM-POL-004-00199,strategy,STR-004,1,medium,auto_mapped,score=8
PIT-ITM-POL-004-00200-STR-01,ITM-POL-004-00200,strategy,STR-004,1,medium,auto_mapped,score=6
PIT-ITM-POL-004-00201-STR-01,ITM-POL-004-00201,strategy,STR-004,1,medium,auto_mapped,score=6
PIT-ITM-POL-004-00201-STR-02,ITM-POL-004-00201,strategy,STR-001,0,medium,auto_mapped,score=4
PIT-ITM-POL-004-00202-STR-01,ITM-POL-004-00202,strategy,STR-004,1,high,auto_mapped,score=11
PIT-ITM-POL-004-00203-STR-01,ITM-POL-004-00203,strategy,STR-004,1,medium,auto_mapped,score=6
PIT-ITM-POL-004-00204-STR-01,ITM-POL-004-00204,strategy,STR-004,1,high,auto_mapped,score=11
PIT-ITM-POL-004-00205-STR-01,ITM-POL-004-00205,strategy,STR-004,1,high,auto_mapped,score=16
PIT-ITM-POL-004-00206-STR-01,ITM-POL-004-00206,strategy,STR-004,1,high,auto_mapped,score=16
PIT-ITM-POL-004-00207-STR-01,ITM-POL-004-00207,strategy,STR-004,1,medium,auto_mapped,score=6
PIT-ITM-POL-004-00208-STR-01,ITM-POL-004-00208,strategy,STR-004,1,medium,auto_mapped,score=6
PIT-ITM-POL-004-00209-STR-01,ITM-POL-004-00209,strategy,STR-004,1,medium,auto_mapped,score=9
PIT-ITM-POL-004-00210-STR-01,ITM-POL-004-00210,strategy,STR-004,1,high,auto_mapped,score=16
PIT-ITM-POL-004-00211-STR-01,ITM-POL-004-00211,strategy,STR-004,1,high,auto_mapped,score=11
PIT-ITM-POL-004-00212-STR-01,ITM-POL-004-00212,strategy,STR-004,1,medium,auto_mapped,score=9
PIT-ITM-POL-004-00213-STR-01,ITM-POL-004-00213,strategy,STR-004,1,medium,auto_mapped,score=6
PIT-ITM-POL-004-00214-STR-01,ITM-POL-004-00214,strategy,STR-004,1,medium,auto_mapped,score=6
PIT-ITM-POL-004-00215-STR-01,ITM-POL-004-00215,strategy,STR-004,1,medium,auto_mapped,score=6
PIT-ITM-POL-004-00216-STR-01,ITM-POL-004-00216,strategy,STR-008,1,medium,auto_mapped,score=7
PIT-ITM-POL-004-00216-STR-02,ITM-POL-004-00216,strategy,STR-004,0,medium,auto_mapped,score=6
PIT-ITM-POL-004-00217-STR-01,ITM-POL-004-00217,strategy,STR-004,1,medium,auto_mapped,score=6
PIT-ITM-POL-004-00218-STR-01,ITM-POL-004-00218,strategy,STR-004,1,medium,auto_mapped,score=6
PIT-ITM-POL-004-00219-STR-01,ITM-POL-004-00219,strategy,STR-004,1,high,auto_mapped,score=16
PIT-ITM-POL-004-00220-STR-01,ITM-POL-004-00220,strategy,STR-004,1,medium,auto_mapped,score=6
PIT-ITM-POL-005-00221-STR-01,ITM-POL-005-00221,strategy,STR-002,1,high,auto_mapped,score=12
PIT-ITM-POL-005-00222-STR-01,ITM-POL-005-00222,strategy,STR-002,1,high,auto_mapped,score=15
PIT-ITM-POL-005-00223-STR-01,ITM-POL-005-00223,strategy,STR-002,1,high,auto_mapped,score=15
PIT-ITM-POL-005-00224-STR-01,ITM-POL-005-00224,strategy,STR-002,1,high,auto_mapped,score=12
PIT-ITM-POL-005-00225-STR-01,ITM-POL-005-00225,strategy,STR-002,1,high,auto_mapped,score=12
PIT-ITM-POL-005-00226-STR-01,ITM-POL-005-00226,strategy,STR-002,1,high,auto_mapped,score=12
PIT-ITM-POL-005-00227-STR-01,ITM-POL-005-00227,strategy,STR-002,1,high,auto_mapped,score=12
PIT-ITM-POL-005-00228-STR-01,ITM-POL-005-00228,strategy,STR-002,1,high,auto_mapped,score=12
PIT-ITM-POL-005-00229-STR-01,ITM-POL-005-00229,strategy,STR-002,1,high,auto_mapped,score=12
PIT-ITM-POL-005-00230-STR-01,ITM-POL-005-00230,strategy,STR-002,1,medium,auto_mapped,score=9
PIT-ITM-POL-005-00231-STR-01,ITM-POL-005-00231,strategy,STR-002,1,high,auto_mapped,score=12
PIT-ITM-POL-005-00232-STR-01,ITM-POL-005-00232,strategy,STR-002,1,high,auto_mapped,score=12
PIT-ITM-POL-005-00233-STR-01,ITM-POL-005-00233,strategy,STR-002,1,medium,auto_mapped,score=9
PIT-ITM-POL-005-00234-STR-01,ITM-POL-005-00234,strategy,STR-002,1,medium,auto_mapped,score=9
PIT-ITM-POL-005-00235-STR-01,ITM-POL-005-00235,strategy,STR-002,1,medium,auto_mapped,score=9
PIT-ITM-POL-005-00236-STR-01,ITM-POL-005-00236,strategy,STR-002,1,high,auto_mapped,score=12
PIT-ITM-POL-005-00237-STR-01,ITM-POL-005-00237,strategy,STR-002,1,high,auto_mapped,score=12
PIT-ITM-POL-005-00238-STR-01,ITM-POL-005-00238,strategy,STR-002,1,high,auto_mapped,score=12
PIT-ITM-POL-005-00239-STR-01,ITM-POL-005-00239,strategy,STR-002,1,medium,auto_mapped,score=9
PIT-ITM-POL-005-00240-STR-01,ITM-POL-005-00240,strategy,STR-002,1,high,auto_mapped,score=12
PIT-ITM-POL-005-00241-STR-01,ITM-POL-005-00241,strategy,STR-002,1,medium,auto_mapped,score=9
PIT-ITM-POL-005-00242-STR-01,ITM-POL-005-00242,strategy,STR-002,1,high,auto_mapped,score=12
PIT-ITM-POL-005-00243-STR-01,ITM-POL-005-00243,strategy,STR-002,1,medium,auto_mapped,score=9
PIT-ITM-POL-005-00244-STR-01,ITM-POL-005-00244,strategy,STR-002,1,high,auto_mapped,score=15
PIT-ITM-POL-005-00245-STR-01,ITM-POL-005-00245,strategy,STR-002,1,medium,auto_mapped,score=9
PIT-ITM-POL-005-00246-STR-01,ITM-POL-005-00246,strategy,STR-002,1,high,auto_mapped,score=12
PIT-ITM-POL-005-00247-STR-01,ITM-POL-005-00247,strategy,STR-002,1,medium,auto_mapped,score=9
PIT-ITM-POL-005-00248-STR-01,ITM-POL-005-00248,strategy,STR-002,1,high,auto_mapped,score=12
PIT-ITM-POL-005-00249-STR-01,ITM-POL-005-00249,strategy,STR-002,1,medium,auto_mapped,score=9
PIT-ITM-POL-005-00250-STR-01,ITM-POL-005-00250,strategy,STR-002,1,medium,auto_mapped,score=9
PIT-ITM-POL-005-00251-STR-01,ITM-POL-005-00251,strategy,STR-002,1,medium,auto_mapped,score=9
PIT-ITM-POL-005-00252-STR-01,ITM-POL-005-00252,strategy,STR-002,1,medium,auto_mapped,score=9
PIT-ITM-POL-005-00253-STR-01,ITM-POL-005-00253,strategy,STR-002,1,high,auto_mapped,score=12
PIT-ITM-POL-005-00253-STR-02,ITM-POL-005-00253,strategy,STR-001,0,high,auto_mapped,score=10
PIT-ITM-POL-005-00254-STR-01,ITM-POL-005-00254,strategy,STR-002,1,high,auto_mapped,score=12
PIT-ITM-POL-005-00255-STR-01,ITM-POL-005-00255,strategy,STR-002,1,medium,auto_mapped,score=9
PIT-ITM-POL-005-00256-STR-01,ITM-POL-005-00256,strategy,STR-002,1,high,auto_mapped,score=12
PIT-ITM-POL-005-00257-STR-01,ITM-POL-005-00257,strategy,STR-002,1,high,auto_mapped,score=12
PIT-ITM-POL-005-00258-STR-01,ITM-POL-005-00258,strategy,STR-002,1,high,auto_mapped,score=12
PIT-ITM-POL-005-00259-STR-01,ITM-POL-005-00259,strategy,STR-002,1,high,auto_mapped,score=12
PIT-ITM-POL-005-00260-STR-01,ITM-POL-005-00260,strategy,STR-002,1,high,auto_mapped,score=12
PIT-ITM-POL-005-00261-STR-01,ITM-POL-005-00261,strategy,STR-002,1,high,auto_mapped,score=12
PIT-ITM-POL-005-00262-STR-01,ITM-POL-005-00262,strategy,STR-002,1,high,auto_mapped,score=12
PIT-ITM-POL-005-00263-STR-01,ITM-POL-005-00263,strategy,STR-002,1,high,auto_mapped,score=12
PIT-ITM-POL-005-00263-STR-02,ITM-POL-005-00263,strategy,STR-008,0,high,auto_mapped,score=10
PIT-ITM-POL-005-00264-STR-01,ITM-POL-005-00264,strategy,STR-002,1,high,auto_mapped,score=12
PIT-ITM-POL-005-00265-STR-01,ITM-POL-005-00265,strategy,STR-002,1,medium,auto_mapped,score=9
PIT-ITM-POL-005-00265-STR-02,ITM-POL-005-00265,strategy,STR-008,0,medium,auto_mapped,score=7
PIT-ITM-POL-005-00266-STR-01,ITM-POL-005-00266,strategy,STR-002,1,medium,auto_mapped,score=9
PIT-ITM-POL-005-00267-STR-01,ITM-POL-005-00267,strategy,STR-002,1,medium,auto_mapped,score=9
PIT-ITM-POL-005-00268-STR-01,ITM-POL-005-00268,strategy,STR-002,1,medium,auto_mapped,score=9
PIT-ITM-POL-005-00269-STR-01,ITM-POL-005-00269,strategy,STR-002,1,high,auto_mapped,score=12
PIT-ITM-POL-005-00270-STR-01,ITM-POL-005-00270,strategy,STR-002,1,medium,auto_mapped,score=9
PIT-ITM-POL-005-00271-STR-01,ITM-POL-005-00271,strategy,STR-002,1,high,auto_mapped,score=12
PIT-ITM-POL-005-00272-STR-01,ITM-POL-005-00272,strategy,STR-002,1,medium,auto_mapped,score=9
PIT-ITM-POL-005-00272-STR-02,ITM-POL-005-00272,strategy,STR-008,0,medium,auto_mapped,score=7
PIT-ITM-POL-005-00273-STR-01,ITM-POL-005-00273,strategy,STR-002,1,high,auto_mapped,score=12
PIT-ITM-POL-005-00274-STR-01,ITM-POL-005-00274,strategy,STR-002,1,high,auto_mapped,score=15
PIT-ITM-POL-005-00275-STR-01,ITM-POL-005-00275,strategy,STR-002,1,high,auto_mapped,score=15
PIT-ITM-POL-005-00276-STR-01,ITM-POL-005-00276,strategy,STR-002,1,high,auto_mapped,score=15
PIT-ITM-POL-005-00277-STR-01,ITM-POL-005-00277,strategy,STR-002,1,medium,auto_mapped,score=9
PIT-ITM-POL-005-00278-STR-01,ITM-POL-005-00278,strategy,STR-002,1,medium,auto_mapped,score=9
PIT-ITM-POL-005-00279-STR-01,ITM-POL-005-00279,strategy,STR-002,1,high,auto_mapped,score=12
PIT-ITM-POL-005-00280-STR-01,ITM-POL-005-00280,strategy,STR-002,1,medium,auto_mapped,score=9
PIT-ITM-POL-005-00281-STR-01,ITM-POL-005-00281,strategy,STR-002,1,high,auto_mapped,score=12
PIT-ITM-POL-005-00282-STR-01,ITM-POL-005-00282,strategy,STR-002,1,high,auto_mapped,score=12
PIT-ITM-POL-005-00283-STR-01,ITM-POL-005-00283,strategy,STR-002,1,high,auto_mapped,score=12
PIT-ITM-POL-005-00284-STR-01,ITM-POL-005-00284,strategy,STR-002,1,high,auto_mapped,score=12
PIT-ITM-POL-005-00285-STR-01,ITM-POL-005-00285,strategy,STR-002,1,high,auto_mapped,score=11
PIT-ITM-POL-005-00286-STR-01,ITM-POL-005-00286,strategy,STR-002,1,high,auto_mapped,score=12
PIT-ITM-POL-005-00287-STR-01,ITM-POL-005-00287,strategy,STR-002,1,high,auto_mapped,score=12
PIT-ITM-POL-005-00288-STR-01,ITM-POL-005-00288,strategy,STR-008,1,high,auto_mapped,score=12
PIT-ITM-POL-005-00289-STR-01,ITM-POL-005-00289,strategy,STR-002,1,high,auto_mapped,score=15
PIT-ITM-POL-005-00290-STR-01,ITM-POL-005-00290,strategy,STR-002,1,high,auto_mapped,score=12
PIT-ITM-POL-005-00291-STR-01,ITM-POL-005-00291,strategy,STR-002,1,high,auto_mapped,score=12
PIT-ITM-POL-005-00292-STR-01,ITM-POL-005-00292,strategy,STR-002,1,high,auto_mapped,score=12
PIT-ITM-POL-005-00293-STR-01,ITM-POL-005-00293,strategy,STR-002,1,high,auto_mapped,score=12
PIT-ITM-POL-005-00294-STR-01,ITM-POL-005-00294,strategy,STR-002,1,high,auto_mapped,score=12
PIT-ITM-POL-005-00295-STR-01,ITM-POL-005-00295,strategy,STR-002,1,high,auto_mapped,score=12
PIT-ITM-POL-005-00296-STR-01,ITM-POL-005-00296,strategy,STR-002,1,medium,auto_mapped,score=9
PIT-ITM-POL-005-00297-STR-01,ITM-POL-005-00297,strategy,STR-002,1,medium,auto_mapped,score=9
PIT-ITM-POL-005-00298-STR-01,ITM-POL-005-00298,strategy,STR-002,1,high,auto_mapped,score=12
PIT-ITM-POL-005-00299-STR-01,ITM-POL-005-00299,strategy,STR-002,1,medium,auto_mapped,score=9
PIT-ITM-POL-005-00300-STR-01,ITM-POL-005-00300,strategy,STR-002,1,high,auto_mapped,score=12
PIT-ITM-POL-005-00301-STR-01,ITM-POL-005-00301,strategy,STR-002,1,high,auto_mapped,score=12
PIT-ITM-POL-005-00302-STR-01,ITM-POL-005-00302,strategy,STR-002,1,medium,auto_mapped,score=9
PIT-ITM-POL-005-00303-STR-01,ITM-POL-005-00303,strategy,STR-002,1,high,auto_mapped,score=12
PIT-ITM-POL-005-00304-STR-01,ITM-POL-005-00304,strategy,STR-002,1,medium,auto_mapped,score=9
PIT-ITM-POL-005-00305-STR-01,ITM-POL-005-00305,strategy,STR-002,1,medium,auto_mapped,score=9
PIT-ITM-POL-005-00306-STR-01,ITM-POL-005-00306,strategy,STR-002,1,high,auto_mapped,score=12
PIT-ITM-POL-005-00307-STR-01,ITM-POL-005-00307,strategy,STR-002,1,high,auto_mapped,score=12
PIT-ITM-POL-005-00308-STR-01,ITM-POL-005-00308,strategy,STR-002,1,medium,auto_mapped,score=9
PIT-ITM-POL-005-00309-STR-01,ITM-POL-005-00309,strategy,STR-002,1,medium,auto_mapped,score=9
PIT-ITM-POL-005-00310-STR-01,ITM-POL-005-00310,strategy,STR-002,1,medium,auto_mapped,score=9
PIT-ITM-POL-005-00311-STR-01,ITM-POL-005-00311,strategy,STR-002,1,medium,auto_mapped,score=9
PIT-ITM-POL-005-00312-STR-01,ITM-POL-005-00312,strategy,STR-002,1,medium,auto_mapped,score=9
PIT-ITM-POL-005-00313-STR-01,ITM-POL-005-00313,strategy,STR-002,1,medium,auto_mapped,score=9
PIT-ITM-POL-005-00314-STR-01,ITM-POL-005-00314,strategy,STR-002,1,medium,auto_mapped,score=9
PIT-ITM-POL-005-00315-STR-01,ITM-POL-005-00315,strategy,STR-002,1,medium,auto_mapped,score=9
PIT-ITM-POL-005-00316-STR-01,ITM-POL-005-00316,strategy,STR-002,1,medium,auto_mapped,score=9
PIT-ITM-POL-005-00317-STR-01,ITM-POL-005-00317,strategy,STR-002,1,medium,auto_mapped,score=9
PIT-ITM-POL-006-00318-STR-01,ITM-POL-006-00318,strategy,STR-013,1,medium,auto_mapped,score=7
PIT-ITM-POL-006-00319-STR-01,ITM-POL-006-00319,strategy,STR-013,1,medium,auto_mapped,score=7
PIT-ITM-POL-006-00319-STR-02,ITM-POL-006-00319,strategy,STR-002,0,medium,auto_mapped,score=5
PIT-ITM-POL-006-00320-STR-01,ITM-POL-006-00320,strategy,STR-008,1,high,auto_mapped,score=10
PIT-ITM-POL-006-00321-STR-01,ITM-POL-006-00321,strategy,STR-013,1,medium,auto_mapped,score=7
PIT-ITM-POL-006-00322-STR-01,ITM-POL-006-00322,strategy,STR-013,1,medium,auto_mapped,score=7
PIT-ITM-POL-006-00323-STR-01,ITM-POL-006-00323,strategy,STR-013,1,medium,auto_mapped,score=7
PIT-ITM-POL-006-00324-STR-01,ITM-POL-006-00324,strategy,STR-008,1,medium,auto_mapped,score=7
PIT-ITM-POL-006-00324-STR-02,ITM-POL-006-00324,strategy,STR-013,0,medium,auto_mapped,score=7
PIT-ITM-POL-006-00325-STR-01,ITM-POL-006-00325,strategy,STR-013,1,medium,auto_mapped,score=7
PIT-ITM-POL-006-00325-STR-02,ITM-POL-006-00325,strategy,STR-002,0,medium,auto_mapped,score=5
PIT-ITM-POL-006-00326-STR-01,ITM-POL-006-00326,strategy,STR-013,1,medium,auto_mapped,score=7
PIT-ITM-POL-006-00326-STR-02,ITM-POL-006-00326,strategy,STR-002,0,medium,auto_mapped,score=5
PIT-ITM-POL-006-00327-STR-01,ITM-POL-006-00327,strategy,STR-013,1,medium,auto_mapped,score=7
PIT-ITM-POL-006-00328-STR-01,ITM-POL-006-00328,strategy,STR-013,1,medium,auto_mapped,score=7
PIT-ITM-POL-006-00329-STR-01,ITM-POL-006-00329,strategy,STR-013,1,medium,auto_mapped,score=7
PIT-ITM-POL-006-00330-STR-01,ITM-POL-006-00330,strategy,STR-013,1,medium,auto_mapped,score=7
PIT-ITM-POL-006-00331-STR-01,ITM-POL-006-00331,strategy,STR-013,1,medium,auto_mapped,score=7
PIT-ITM-POL-006-00331-STR-02,ITM-POL-006-00331,strategy,STR-008,0,medium,auto_mapped,score=5
PIT-ITM-POL-006-00332-STR-01,ITM-POL-006-00332,strategy,STR-013,1,medium,auto_mapped,score=7
PIT-ITM-POL-006-00333-STR-01,ITM-POL-006-00333,strategy,STR-013,1,medium,auto_mapped,score=7
PIT-ITM-POL-006-00334-STR-01,ITM-POL-006-00334,strategy,STR-013,1,medium,auto_mapped,score=7
PIT-ITM-POL-006-00335-STR-01,ITM-POL-006-00335,strategy,STR-013,1,medium,auto_mapped,score=7
PIT-ITM-POL-006-00335-STR-02,ITM-POL-006-00335,strategy,STR-008,0,medium,auto_mapped,score=5
PIT-ITM-POL-006-00336-STR-01,ITM-POL-006-00336,strategy,STR-013,1,medium,auto_mapped,score=7
PIT-ITM-POL-006-00337-STR-01,ITM-POL-006-00337,strategy,STR-013,1,medium,auto_mapped,score=7
PIT-ITM-POL-006-00338-STR-01,ITM-POL-006-00338,strategy,STR-013,1,medium,auto_mapped,score=7
PIT-ITM-POL-006-00339-STR-01,ITM-POL-006-00339,strategy,STR-013,1,medium,auto_mapped,score=7
PIT-ITM-POL-006-00340-STR-01,ITM-POL-006-00340,strategy,STR-013,1,medium,auto_mapped,score=7
PIT-ITM-POL-006-00341-STR-01,ITM-POL-006-00341,strategy,STR-013,1,medium,auto_mapped,score=7
PIT-ITM-POL-006-00341-STR-02,ITM-POL-006-00341,strategy,STR-008,0,medium,auto_mapped,score=5
PIT-ITM-POL-006-00342-STR-01,ITM-POL-006-00342,strategy,STR-013,1,medium,auto_mapped,score=7
PIT-ITM-POL-006-00343-STR-01,ITM-POL-006-00343,strategy,STR-013,1,medium,auto_mapped,score=7
PIT-ITM-POL-006-00344-STR-01,ITM-POL-006-00344,strategy,STR-013,1,medium,auto_mapped,score=7
PIT-ITM-POL-006-00345-STR-01,ITM-POL-006-00345,strategy,STR-013,1,high,auto_mapped,score=19
PIT-ITM-POL-006-00346-STR-01,ITM-POL-006-00346,strategy,STR-013,1,medium,auto_mapped,score=7
PIT-ITM-POL-006-00347-STR-01,ITM-POL-006-00347,strategy,STR-013,1,medium,auto_mapped,score=7
PIT-ITM-POL-006-00348-STR-01,ITM-POL-006-00348,strategy,STR-013,1,medium,auto_mapped,score=7
PIT-ITM-POL-006-00349-STR-01,ITM-POL-006-00349,strategy,STR-013,1,medium,auto_mapped,score=9
PIT-ITM-POL-006-00350-STR-01,ITM-POL-006-00350,strategy,STR-013,1,medium,auto_mapped,score=7
PIT-ITM-POL-006-00351-STR-01,ITM-POL-006-00351,strategy,STR-013,1,medium,auto_mapped,score=7
PIT-ITM-POL-006-00352-STR-01,ITM-POL-006-00352,strategy,STR-013,1,medium,auto_mapped,score=7
PIT-ITM-POL-006-00353-STR-01,ITM-POL-006-00353,strategy,STR-013,1,medium,auto_mapped,score=7
PIT-ITM-POL-006-00354-STR-01,ITM-POL-006-00354,strategy,STR-013,1,medium,auto_mapped,score=7
PIT-ITM-POL-006-00355-STR-01,ITM-POL-006-00355,strategy,STR-013,1,medium,auto_mapped,score=9
PIT-ITM-POL-006-00356-STR-01,ITM-POL-006-00356,strategy,STR-013,1,medium,auto_mapped,score=7
PIT-ITM-POL-006-00356-STR-02,ITM-POL-006-00356,strategy,STR-008,0,medium,auto_mapped,score=5
PIT-ITM-POL-006-00357-STR-01,ITM-POL-006-00357,strategy,STR-013,1,medium,auto_mapped,score=7
PIT-ITM-POL-006-00358-STR-01,ITM-POL-006-00358,strategy,STR-013,1,medium,auto_mapped,score=7
PIT-ITM-POL-006-00358-STR-02,ITM-POL-006-00358,strategy,STR-008,0,medium,auto_mapped,score=5
PIT-ITM-POL-006-00359-STR-01,ITM-POL-006-00359,strategy,STR-013,1,medium,auto_mapped,score=7
PIT-ITM-POL-006-00360-STR-01,ITM-POL-006-00360,strategy,STR-013,1,medium,auto_mapped,score=7
PIT-ITM-POL-006-00361-STR-01,ITM-POL-006-00361,strategy,STR-013,1,medium,auto_mapped,score=7
PIT-ITM-POL-006-00361-STR-02,ITM-POL-006-00361,strategy,STR-008,0,medium,auto_mapped,score=5
PIT-ITM-POL-006-00362-STR-01,ITM-POL-006-00362,strategy,STR-013,1,medium,auto_mapped,score=7
PIT-ITM-POL-006-00362-STR-02,ITM-POL-006-00362,strategy,STR-005,0,medium,auto_mapped,score=6
PIT-ITM-POL-006-00363-STR-01,ITM-POL-006-00363,strategy,STR-013,1,medium,auto_mapped,score=7
PIT-ITM-POL-006-00363-STR-02,ITM-POL-006-00363,strategy,STR-005,0,medium,auto_mapped,score=6
PIT-ITM-POL-006-00364-STR-01,ITM-POL-006-00364,strategy,STR-009,1,high,auto_mapped,score=11
PIT-ITM-POL-006-00365-STR-01,ITM-POL-006-00365,strategy,STR-009,1,high,auto_mapped,score=11
PIT-ITM-POL-006-00366-STR-01,ITM-POL-006-00366,strategy,STR-013,1,medium,auto_mapped,score=9
PIT-ITM-POL-006-00367-STR-01,ITM-POL-006-00367,strategy,STR-013,1,medium,auto_mapped,score=7
PIT-ITM-POL-006-00368-STR-01,ITM-POL-006-00368,strategy,STR-013,1,medium,auto_mapped,score=7
PIT-ITM-POL-006-00369-STR-01,ITM-POL-006-00369,strategy,STR-013,1,medium,auto_mapped,score=7
PIT-ITM-POL-006-00369-STR-02,ITM-POL-006-00369,strategy,STR-002,0,medium,auto_mapped,score=5
PIT-ITM-POL-006-00370-STR-01,ITM-POL-006-00370,strategy,STR-013,1,medium,auto_mapped,score=7
PIT-ITM-POL-006-00370-STR-02,ITM-POL-006-00370,strategy,STR-002,0,medium,auto_mapped,score=5
PIT-ITM-POL-006-00371-STR-01,ITM-POL-006-00371,strategy,STR-008,1,medium,auto_mapped,score=7
PIT-ITM-POL-006-00371-STR-02,ITM-POL-006-00371,strategy,STR-013,0,medium,auto_mapped,score=7
PIT-ITM-POL-006-00372-STR-01,ITM-POL-006-00372,strategy,STR-013,1,high,auto_mapped,score=10
PIT-ITM-POL-006-00373-STR-01,ITM-POL-006-00373,strategy,STR-013,1,medium,auto_mapped,score=7
PIT-ITM-POL-006-00373-STR-02,ITM-POL-006-00373,strategy,STR-008,0,medium,auto_mapped,score=5
PIT-ITM-POL-006-00374-STR-01,ITM-POL-006-00374,strategy,STR-013,1,medium,auto_mapped,score=7
PIT-ITM-POL-006-00374-STR-02,ITM-POL-006-00374,strategy,STR-008,0,medium,auto_mapped,score=5
PIT-ITM-POL-006-00375-STR-01,ITM-POL-006-00375,strategy,STR-013,1,high,auto_mapped,score=10
PIT-ITM-POL-006-00376-STR-01,ITM-POL-006-00376,strategy,STR-013,1,high,auto_mapped,score=10
PIT-ITM-POL-006-00377-STR-01,ITM-POL-006-00377,strategy,STR-013,1,medium,auto_mapped,score=7
PIT-ITM-POL-006-00378-STR-01,ITM-POL-006-00378,strategy,STR-013,1,medium,auto_mapped,score=7
PIT-ITM-POL-006-00379-STR-01,ITM-POL-006-00379,strategy,STR-013,1,medium,auto_mapped,score=7
PIT-ITM-POL-006-00380-STR-01,ITM-POL-006-00380,strategy,STR-013,1,medium,auto_mapped,score=7
PIT-ITM-POL-007-00459-STR-01,ITM-POL-007-00459,strategy,STR-007,1,medium,auto_mapped,score=5
PIT-ITM-POL-009-00569-STR-01,ITM-POL-009-00569,strategy,STR-007,1,medium,auto_mapped,score=5
PIT-ITM-POL-009-00597-STR-01,ITM-POL-009-00597,strategy,STR-002,1,medium,auto_mapped,score=4
PIT-ITM-POL-009-00600-STR-01,ITM-POL-009-00600,strategy,STR-002,1,medium,auto_mapped,score=7
PIT-ITM-POL-010-00741-STR-01,ITM-POL-010-00741,strategy,STR-001,1,medium,auto_mapped,score=4
PIT-ITM-POL-011-00815-STR-01,ITM-POL-011-00815,strategy,STR-001,1,high,auto_mapped,score=11
PIT-ITM-POL-011-00816-STR-01,ITM-POL-011-00816,strategy,STR-001,1,high,auto_mapped,score=11
PIT-ITM-POL-011-00817-STR-01,ITM-POL-011-00817,strategy,STR-001,1,high,auto_mapped,score=11
PIT-ITM-POL-011-00818-STR-01,ITM-POL-011-00818,strategy,STR-001,1,high,auto_mapped,score=11
PIT-ITM-POL-011-00819-STR-01,ITM-POL-011-00819,strategy,STR-001,1,high,auto_mapped,score=11
PIT-ITM-POL-011-00820-STR-01,ITM-POL-011-00820,strategy,STR-001,1,high,auto_mapped,score=11
PIT-ITM-POL-011-00821-STR-01,ITM-POL-011-00821,strategy,STR-001,1,high,auto_mapped,score=11
PIT-ITM-POL-011-00822-STR-01,ITM-POL-011-00822,strategy,STR-001,1,high,auto_mapped,score=11
PIT-ITM-POL-011-00823-STR-01,ITM-POL-011-00823,strategy,STR-001,1,high,auto_mapped,score=14
PIT-ITM-POL-011-00824-STR-01,ITM-POL-011-00824,strategy,STR-001,1,medium,auto_mapped,score=9
PIT-ITM-POL-011-00825-STR-01,ITM-POL-011-00825,strategy,STR-001,1,high,auto_mapped,score=11
PIT-ITM-POL-011-00826-STR-01,ITM-POL-011-00826,strategy,STR-001,1,high,auto_mapped,score=12
PIT-ITM-POL-011-00827-STR-01,ITM-POL-011-00827,strategy,STR-001,1,medium,auto_mapped,score=9
PIT-ITM-POL-011-00828-STR-01,ITM-POL-011-00828,strategy,STR-001,1,medium,auto_mapped,score=9
PIT-ITM-POL-011-00829-STR-01,ITM-POL-011-00829,strategy,STR-001,1,high,auto_mapped,score=11
PIT-ITM-POL-011-00830-STR-01,ITM-POL-011-00830,strategy,STR-001,1,high,auto_mapped,score=11
PIT-ITM-POL-011-00831-STR-01,ITM-POL-011-00831,strategy,STR-001,1,high,auto_mapped,score=11
PIT-ITM-POL-011-00832-STR-01,ITM-POL-011-00832,strategy,STR-001,1,medium,auto_mapped,score=9
PIT-ITM-POL-011-00833-STR-01,ITM-POL-011-00833,strategy,STR-001,1,medium,auto_mapped,score=9
PIT-ITM-POL-011-00834-STR-01,ITM-POL-011-00834,strategy,STR-001,1,high,auto_mapped,score=14
PIT-ITM-POL-011-00835-STR-01,ITM-POL-011-00835,strategy,STR-001,1,high,auto_mapped,score=11
PIT-ITM-POL-011-00836-STR-01,ITM-POL-011-00836,strategy,STR-001,1,medium,auto_mapped,score=9
PIT-ITM-POL-011-00837-STR-01,ITM-POL-011-00837,strategy,STR-001,1,medium,auto_mapped,score=9
PIT-ITM-POL-011-00838-STR-01,ITM-POL-011-00838,strategy,STR-001,1,high,auto_mapped,score=14
PIT-ITM-POL-011-00839-STR-01,ITM-POL-011-00839,strategy,STR-001,1,high,auto_mapped,score=11
PIT-ITM-POL-011-00840-STR-01,ITM-POL-011-00840,strategy,STR-001,1,high,auto_mapped,score=14
PIT-ITM-POL-011-00841-STR-01,ITM-POL-011-00841,strategy,STR-001,1,high,auto_mapped,score=17
PIT-ITM-POL-011-00842-STR-01,ITM-POL-011-00842,strategy,STR-001,1,high,auto_mapped,score=11
PIT-ITM-POL-011-00843-STR-01,ITM-POL-011-00843,strategy,STR-001,1,high,auto_mapped,score=11
PIT-ITM-POL-011-00844-STR-01,ITM-POL-011-00844,strategy,STR-001,1,high,auto_mapped,score=11
PIT-ITM-POL-011-00845-STR-01,ITM-POL-011-00845,strategy,STR-001,1,high,auto_mapped,score=17
PIT-ITM-POL-011-00846-STR-01,ITM-POL-011-00846,strategy,STR-001,1,high,auto_mapped,score=14
PIT-ITM-POL-011-00847-STR-01,ITM-POL-011-00847,strategy,STR-001,1,medium,auto_mapped,score=9
PIT-ITM-POL-011-00848-STR-01,ITM-POL-011-00848,strategy,STR-001,1,medium,auto_mapped,score=9
PIT-ITM-POL-011-00849-STR-01,ITM-POL-011-00849,strategy,STR-001,1,medium,auto_mapped,score=9
PIT-ITM-POL-012-00854-STR-01,ITM-POL-012-00854,strategy,STR-011,1,medium,auto_mapped,score=5
PIT-ITM-POL-012-00855-STR-01,ITM-POL-012-00855,strategy,STR-003,1,medium,auto_mapped,score=5
PIT-ITM-POL-012-00858-STR-01,ITM-POL-012-00858,strategy,STR-010,1,medium,auto_mapped,score=8
PIT-ITM-POL-012-00859-STR-01,ITM-POL-012-00859,strategy,STR-010,1,medium,auto_mapped,score=8
PIT-ITM-POL-012-00860-STR-01,ITM-POL-012-00860,strategy,STR-010,1,high,auto_mapped,score=19
PIT-ITM-POL-012-00861-STR-01,ITM-POL-012-00861,strategy,STR-003,1,medium,auto_mapped,score=5
PIT-ITM-POL-012-00862-STR-01,ITM-POL-012-00862,strategy,STR-011,1,high,auto_mapped,score=11
PIT-ITM-POL-012-00863-STR-01,ITM-POL-012-00863,strategy,STR-011,1,high,auto_mapped,score=14
PIT-ITM-POL-012-00865-STR-01,ITM-POL-012-00865,strategy,STR-003,1,medium,auto_mapped,score=5
PIT-ITM-POL-012-00876-STR-01,ITM-POL-012-00876,strategy,STR-011,1,medium,auto_mapped,score=8
PIT-ITM-POL-012-00877-STR-01,ITM-POL-012-00877,strategy,STR-011,1,medium,auto_mapped,score=8
PIT-ITM-POL-012-00878-STR-01,ITM-POL-012-00878,strategy,STR-003,1,medium,auto_mapped,score=8
PIT-ITM-POL-012-00879-STR-01,ITM-POL-012-00879,strategy,STR-011,1,medium,auto_mapped,score=5
PIT-ITM-POL-012-00884-STR-01,ITM-POL-012-00884,strategy,STR-011,1,medium,auto_mapped,score=5
PIT-ITM-POL-012-00885-STR-01,ITM-POL-012-00885,strategy,STR-011,1,medium,auto_mapped,score=5
PIT-ITM-POL-012-00886-STR-01,ITM-POL-012-00886,strategy,STR-011,1,medium,auto_mapped,score=8
PIT-ITM-POL-012-00887-STR-01,ITM-POL-012-00887,strategy,STR-011,1,medium,auto_mapped,score=5
PIT-ITM-POL-012-00888-STR-01,ITM-POL-012-00888,strategy,STR-011,1,medium,auto_mapped,score=5
PIT-ITM-POL-012-00890-STR-01,ITM-POL-012-00890,strategy,STR-011,1,high,auto_mapped,score=11
PIT-ITM-POL-012-00892-STR-01,ITM-POL-012-00892,strategy,STR-006,1,medium,auto_mapped,score=4
PIT-ITM-POL-012-00898-STR-01,ITM-POL-012-00898,strategy,STR-010,1,high,auto_mapped,score=16
PIT-ITM-POL-012-00900-STR-01,ITM-POL-012-00900,strategy,STR-011,1,medium,auto_mapped,score=8
PIT-ITM-POL-012-00905-STR-01,ITM-POL-012-00905,strategy,STR-003,1,medium,auto_mapped,score=4
PIT-ITM-POL-012-00909-STR-01,ITM-POL-012-00909,strategy,STR-011,1,medium,auto_mapped,score=5
PIT-ITM-POL-012-00910-STR-01,ITM-POL-012-00910,strategy,STR-010,1,medium,auto_mapped,score=8
PIT-ITM-POL-012-00911-STR-01,ITM-POL-012-00911,strategy,STR-010,1,medium,auto_mapped,score=8
PIT-ITM-POL-012-00912-STR-01,ITM-POL-012-00912,strategy,STR-010,1,medium,auto_mapped,score=8
PIT-ITM-POL-012-00913-STR-01,ITM-POL-012-00913,strategy,STR-010,1,high,auto_mapped,score=11
PIT-ITM-POL-012-00914-STR-01,ITM-POL-012-00914,strategy,STR-010,1,high,auto_mapped,score=11
PIT-ITM-POL-012-00916-STR-01,ITM-POL-012-00916,strategy,STR-011,1,medium,auto_mapped,score=8
PIT-ITM-POL-012-00923-STR-01,ITM-POL-012-00923,strategy,STR-010,1,medium,auto_mapped,score=5
PIT-ITM-POL-012-00929-STR-01,ITM-POL-012-00929,strategy,STR-011,1,medium,auto_mapped,score=5
PIT-ITM-POL-012-00931-STR-01,ITM-POL-012-00931,strategy,STR-010,1,high,auto_mapped,score=19
PIT-ITM-POL-012-00931-STR-02,ITM-POL-012-00931,strategy,STR-011,0,high,auto_mapped,score=19
PIT-ITM-POL-012-00935-STR-01,ITM-POL-012-00935,strategy,STR-011,1,medium,auto_mapped,score=8
PIT-ITM-POL-012-00939-STR-01,ITM-POL-012-00939,strategy,STR-003,1,high,auto_mapped,score=10
PIT-ITM-POL-012-00940-STR-01,ITM-POL-012-00940,strategy,STR-011,1,medium,auto_mapped,score=5
PIT-ITM-POL-012-00945-STR-01,ITM-POL-012-00945,strategy,STR-011,1,medium,auto_mapped,score=8
PIT-ITM-POL-012-00947-STR-01,ITM-POL-012-00947,strategy,STR-011,1,high,auto_mapped,score=14
PIT-ITM-POL-012-00947-STR-02,ITM-POL-012-00947,strategy,STR-014,0,high,auto_mapped,score=14
PIT-ITM-POL-012-00948-STR-01,ITM-POL-012-00948,strategy,STR-010,1,high,auto_mapped,score=16
PIT-ITM-POL-012-00951-STR-01,ITM-POL-012-00951,strategy,STR-007,1,medium,auto_mapped,score=6
PIT-ITM-POL-012-00952-STR-01,ITM-POL-012-00952,strategy,STR-007,1,medium,auto_mapped,score=6
PIT-ITM-POL-012-00957-STR-01,ITM-POL-012-00957,strategy,STR-011,1,medium,auto_mapped,score=8
PIT-ITM-POL-012-00964-STR-01,ITM-POL-012-00964,strategy,STR-011,1,medium,auto_mapped,score=8
PIT-ITM-POL-012-00965-STR-01,ITM-POL-012-00965,strategy,STR-011,1,medium,auto_mapped,score=5
PIT-ITM-POL-012-00966-STR-01,ITM-POL-012-00966,strategy,STR-011,1,medium,auto_mapped,score=5
PIT-ITM-POL-012-00967-STR-01,ITM-POL-012-00967,strategy,STR-011,1,medium,auto_mapped,score=8
PIT-ITM-POL-012-00968-STR-01,ITM-POL-012-00968,strategy,STR-011,1,medium,auto_mapped,score=8
PIT-ITM-POL-012-00969-STR-01,ITM-POL-012-00969,strategy,STR-003,1,medium,auto_mapped,score=4
PIT-ITM-POL-012-00971-STR-01,ITM-POL-012-00971,strategy,STR-010,1,high,auto_mapped,score=19
PIT-ITM-POL-012-00972-STR-01,ITM-POL-012-00972,strategy,STR-010,1,medium,auto_mapped,score=8
PIT-ITM-POL-012-00978-STR-01,ITM-POL-012-00978,strategy,STR-011,1,medium,auto_mapped,score=8
PIT-ITM-POL-012-00983-STR-01,ITM-POL-012-00983,strategy,STR-011,1,high,auto_mapped,score=11
PIT-ITM-POL-012-00984-STR-01,ITM-POL-012-00984,strategy,STR-010,1,high,auto_mapped,score=16
PIT-ITM-POL-012-00988-STR-01,ITM-POL-012-00988,strategy,STR-011,1,medium,auto_mapped,score=8
PIT-ITM-POL-012-00989-STR-01,ITM-POL-012-00989,strategy,STR-011,1,medium,auto_mapped,score=5
PIT-ITM-POL-012-00992-STR-01,ITM-POL-012-00992,strategy,STR-011,1,medium,auto_mapped,score=8
PIT-ITM-POL-012-00993-STR-01,ITM-POL-012-00993,strategy,STR-011,1,medium,auto_mapped,score=8
PIT-ITM-POL-012-00994-STR-01,ITM-POL-012-00994,strategy,STR-011,1,medium,auto_mapped,score=8
PIT-ITM-POL-012-00996-STR-01,ITM-POL-012-00996,strategy,STR-010,1,high,auto_mapped,score=16
PIT-ITM-POL-012-00997-STR-01,ITM-POL-012-00997,strategy,STR-011,1,medium,auto_mapped,score=5
PIT-ITM-POL-012-01008-STR-01,ITM-POL-012-01008,strategy,STR-003,1,medium,auto_mapped,score=5
PIT-ITM-POL-012-01014-STR-01,ITM-POL-012-01014,strategy,STR-011,1,medium,auto_mapped,score=5
PIT-ITM-POL-012-01025-STR-01,ITM-POL-012-01025,strategy,STR-011,1,medium,auto_mapped,score=8
PIT-ITM-POL-012-01026-STR-01,ITM-POL-012-01026,strategy,STR-011,1,medium,auto_mapped,score=8
PIT-ITM-POL-012-01028-STR-01,ITM-POL-012-01028,strategy,STR-011,1,medium,auto_mapped,score=5
PIT-ITM-POL-012-01029-STR-01,ITM-POL-012-01029,strategy,STR-003,1,high,auto_mapped,score=10
PIT-ITM-POL-012-01031-STR-01,ITM-POL-012-01031,strategy,STR-003,1,medium,auto_mapped,score=4
PIT-ITM-POL-012-01033-STR-01,ITM-POL-012-01033,strategy,STR-011,1,medium,auto_mapped,score=8
PIT-ITM-POL-012-01034-STR-01,ITM-POL-012-01034,strategy,STR-003,1,medium,auto_mapped,score=7
